DoctorID,FirstName,MiddleName,LastName,Gender,ContactNumber,EmailID,Address,PinCode
02-8498037,Cosette,Leisman,Jagg,Female,877-622-9187,cjagg0@smugmug.com,92832 Johnson Court,
26-8863935,Bjorn,Melsome,Busfield,Male,337-456-2391,bbusfield1@pinterest.com,541 Clyde Gallagher Park,3220
32-5921179,Tonnie,Fleming,Dargie,Male,503-818-1436,tdargie2@illinois.edu,6 Dennis Lane,97075
96-7071864,Rosalie,Assiratti,Pirolini,Female,678-365-7438,rpirolini3@cnn.com,08 Rowland Park,666 32
56-8006188,Nonah,Condon,Minors,Female,467-141-1415,nminors4@indiegogo.com,03 Northport Point,
75-0511586,Jeralee,Ring,Lammenga,Female,502-906-8164,jlammenga5@ebay.com,81894 Di Loreto Way,
69-2263846,Christel,Walklott,Colebeck,Female,928-882-2295,ccolebeck6@admin.ch,76 Nova Trail,
15-7350415,Zea,Cicchillo,Grishankov,Female,118-286-3795,zgrishankov7@oaic.gov.au,14122 Graedel Plaza,
09-4285664,Mufi,Mac Giany,Germain,Female,650-266-0469,mgermain8@loc.gov,03 Buena Vista Avenue,5316
92-3681184,Bernadette,O'Malley,Gepp,Female,267-240-1011,bgepp9@youtube.com,0679 Cherokee Lane,57-215
08-5861943,Iago,Phelips,Goshawk,Male,164-448-5181,igoshawka@is.gd,4 Blaine Avenue,
14-8246529,Norina,Gentry,Chate,Female,415-701-4576,nchateb@mapy.cz,1696 Jackson Lane,281 21
20-4358442,Loleta,Noon,Gyrgorcewicx,Female,154-559-8925,lgyrgorcewicxc@buzzfeed.com,13 Luster Drive,97204 CEDEX
40-9987688,Lucio,Bonnyson,Sedgebeer,Male,429-470-4632,lsedgebeerd@usda.gov,1 Ohio Avenue,
24-4690901,Tresa,Kimbrough,Peto,Female,691-252-0211,tpetoe@chicagotribune.com,4737 Corben Center,34-625
02-2557552,Enrico,Dunkerton,Coleiro,Male,618-609-2569,ecoleirof@tmall.com,1836 Mccormick Plaza,06-126
59-1813220,Lynelle,Taplow,Sanzio,Female,967-885-8028,lsanziog@nih.gov,47566 Melody Trail,
47-8914544,Arlyne,Robardey,Hindenberger,Female,227-629-4259,ahindenbergerh@home.pl,8 Graceland Parkway,
05-5667459,Mickie,Cowburn,Challener,Male,715-915-3038,mchalleneri@drupal.org,576 Pearson Drive,2815-625
38-7231736,Wyn,Danson,Aikenhead,Male,270-758-8260,waikenheadj@illinois.edu,459 Paget Parkway,
92-6942280,Finlay,Southern,Mertsching,Male,671-975-6685,fmertschingk@imgur.com,2813 Mandrake Avenue,
98-6766062,Eda,Fallows,Conachy,Female,340-619-3640,econachyl@csmonitor.com,5522 Anderson Parkway,2725
52-3894756,Masha,Goodey,Le Page,Female,229-490-6017,mlepagem@paypal.com,911 Marquette Junction,6151
02-4406048,Dilly,Normanvill,Pessel,Male,905-817-7900,dpesseln@networkadvertising.org,6 Shoshone Circle,
70-2693195,Sandra,Hugett,Bierling,Female,181-829-1325,sbierlingo@facebook.com,4 Butternut Crossing,
00-6259548,Mar,Kordes,Musicka,Male,811-858-8445,mmusickap@yellowbook.com,95 Carberry Circle,
85-9851053,Meggie,Roderighi,Aksell,Female,877-501-1133,maksellq@accuweather.com,58981 Crescent Oaks Way,73379 CEDEX
95-3544592,Kameko,Burberye,Velde,Female,910-647-8206,kvelder@hexun.com,82 Debs Alley,368557
96-1203045,Di,Silverwood,Jailler,Female,460-605-7872,djaillers@nationalgeographic.com,7 Dunning Center,1219
76-2041583,Burlie,Urian,Legen,Male,233-755-0015,blegent@examiner.com,849 Badeau Junction,
85-0721935,Rooney,Keasley,Witherby,Male,928-705-9826,rwitherbyu@4shared.com,31296 New Castle Drive,
95-2721839,Freemon,Peckett,Dowdle,Male,654-478-0666,fdowdlev@smh.com.au,9498 Waxwing Terrace,
58-4711679,Pate,Candy,Linklet,Male,538-289-1254,plinkletw@mediafire.com,17 Old Shore Lane,
70-9074867,Ross,Velden,McDowall,Male,527-949-8127,rmcdowallx@eventbrite.com,7 Homewood Center,7737
26-2683326,Baldwin,Reek,Sharpley,Male,846-584-2097,bsharpleyy@paypal.com,6384 Coolidge Pass,7042
72-7007587,Donnajean,Mougel,Hawick,Female,313-703-5213,dhawickz@independent.co.uk,90366 1st Terrace,
81-3634368,Dunstan,Entres,Coneau,Male,922-722-4795,dconeau10@umich.edu,28588 Golf Place,8530
58-8126244,Davidde,Mc Kellen,Harrald,Male,377-537-3908,dharrald11@people.com.cn,790 Nobel Crossing,
82-8145093,Osmond,Leroy,Beckles,Male,215-516-9384,obeckles12@guardian.co.uk,89 Westridge Plaza,2121
92-6354484,Nerita,MacLice,Mercik,Female,213-251-5933,nmercik13@bloomberg.com,75 Straubel Road,
08-9777641,Suellen,Sharvell,Capes,Female,106-826-7578,scapes14@loc.gov,2183 Dorton Crossing,
32-7288900,John,Parade,Maylor,Male,939-348-4106,jmaylor15@disqus.com,5791 Mitchell Trail,93504 CEDEX
73-6822178,Archibold,Light,Harrod,Male,402-947-9715,aharrod16@ask.com,3186 Mayer Pass,10600
61-6536070,Frants,Champneys,Fernihough,Male,875-304-0522,ffernihough17@istockphoto.com,655 Sunfield Park,
72-5926288,Kev,Woollons,Houndesome,Male,739-158-4382,khoundesome18@cloudflare.com,57 Calypso Way,140306
25-7608473,Chelsea,Culverhouse,Itskovitz,Female,505-826-0053,citskovitz19@boston.com,41 Mcguire Crossing,7121
64-7469439,Bab,Long,Ferrarini,Female,673-745-2300,bferrarini1a@bbc.co.uk,31 American Avenue,5914
24-3275822,Andros,Verbruggen,Alenichicov,Male,672-459-5745,aalenichicov1b@comcast.net,2565 Eagan Point,4421
11-2916812,Leone,Maxwale,Glabach,Female,570-847-6719,lglabach1c@joomla.org,1389 Schurz Center,
76-6393087,Hayden,Fey,Ben,Male,332-976-9534,hben1d@xing.com,46322 Golf View Drive,T8H
94-0486095,Neila,Tupp,Gyurkovics,Female,223-798-6244,ngyurkovics1e@chicagotribune.com,73 Sullivan Road,30910 CEDEX 2
42-0881479,Iolanthe,Kington,Barthelemy,Female,194-312-6423,ibarthelemy1f@google.es,58901 Cordelia Pass,
31-4187162,Patton,Russi,Elwill,Male,990-160-9257,pelwill1g@netscape.com,17 Hauk Terrace,92665 CEDEX
32-3857956,Nissy,Ballintime,Metts,Female,451-567-4980,nmetts1h@g.co,0464 2nd Point,
98-6543823,Ryun,Daubney,Ghidotti,Male,713-592-4722,rghidotti1i@ocn.ne.jp,056 Oxford Avenue,77035
13-2825542,Aarika,Merigot,Hamley,Female,233-344-5359,ahamley1j@comsenz.com,15 Mosinee Lane,
65-0377397,Cynthie,Wakelam,Grishakin,Female,963-685-1093,cgrishakin1k@illinois.edu,4598 Burning Wood Place,
23-5607448,Arie,Linsay,Yeabsley,Male,735-161-6317,ayeabsley1l@harvard.edu,43 Fairview Place,360-0016
51-7889185,Marylynne,Adel,Turvie,Female,248-423-1810,mturvie1m@printfriendly.com,622 Rockefeller Center,
59-6554909,Jarrad,Forrestill,Merigeau,Male,982-763-2027,jmerigeau1n@sogou.com,8288 Farragut Park,L-9098
51-2621055,Murdock,Rattery,Keune,Male,245-290-0381,mkeune1o@homestead.com,2 Kensington Court,58550-000
23-8744179,Hugues,Mavin,Alders,Male,540-876-3329,halders1p@wix.com,2 Farmco Alley,
24-0254749,Monty,McKane,Galsworthy,Male,653-746-7666,mgalsworthy1q@uol.com.br,74036 Tony Street,59000-000
58-4929779,Zaria,Sines,Buckthorpe,Female,505-679-4220,zbuckthorpe1r@photobucket.com,4 Independence Place,8700
19-2179265,Meagan,Dietzler,Pinnijar,Female,504-864-5780,mpinnijar1s@virginia.edu,43265 Evergreen Crossing,17270-000
51-7643250,Georgeta,Morefield,Casham,Female,331-431-2566,gcasham1t@mashable.com,4 Longview Parkway,
78-8722105,Roobbie,McTerlagh,McIlwreath,Female,132-525-6016,rmcilwreath1u@fda.gov,95 Dawn Junction,
90-5420611,Cthrine,Tasker,McAless,Female,475-530-0020,cmcaless1v@usda.gov,40759 Springs Parkway,
92-3682625,Natale,Matusovsky,Benninger,Male,428-633-1805,nbenninger1w@economist.com,81780 Commercial Lane,
56-0548786,Aluino,Tonry,Speke,Male,588-387-6875,aspeke1x@umich.edu,4748 Myrtle Hill,423524
20-7634337,Garreth,Broseman,Tock,Male,311-951-1310,gtock1y@slashdot.org,39 Becker Plaza,
06-7079843,Kermie,Filan,Josefson,Male,607-967-5309,kjosefson1z@nifty.com,973 Mallard Parkway,952-0304
82-6575589,Merle,Tibbs,Soppett,Male,847-604-3251,msoppett20@drupal.org,2247 Center Point,7404
64-5336130,Scarlett,Dissman,Keeley,Female,180-581-2343,skeeley21@kickstarter.com,6046 Pierstorff Junction,329-2165
75-6820479,Markos,Emby,Morais,Male,571-769-3229,mmorais22@java.com,7 Loomis Center,
35-1053439,Elvira,Roxby,McKilroe,Female,615-803-7223,emckilroe23@ycombinator.com,70462 Namekagon Circle,91501
64-4595364,Alan,Ryhorovich,Adenot,Male,641-925-4425,aadenot24@spotify.com,456 Riverside Court,132018
42-7151020,Jefferson,Bavister,Catling,Male,334-835-7155,jcatling25@timesonline.co.uk,33 Hermina Terrace,
04-4301169,Rosco,Linkleter,Drever,Male,385-986-3156,rdrever26@bloglovin.com,909 Mccormick Pass,
15-2869564,Mallory,Dowsey,Dagnall,Female,557-203-8463,mdagnall27@blog.com,3 Florence Lane,
11-2288205,Filide,Roskams,McKellar,Female,233-235-7286,fmckellar28@sciencedirect.com,6976 Park Meadow Park,429720
04-7904029,Nanon,Pordall,Ricardet,Female,462-380-9869,nricardet29@shinystat.com,70 Forster Way,35195-000
37-4237095,Siward,Stoak,Spencer,Male,159-422-7339,sspencer2a@unicef.org,15210 Sunnyside Terrace,11205
08-0451736,Brynna,Dundendale,Hrishanok,Female,502-501-1024,bhrishanok2b@hubpages.com,5 Shasta Pass,1171
71-5937339,Shamus,Murdie,Hayhoe,Male,105-276-1170,shayhoe2c@foxnews.com,1177 Stoughton Pass,
17-3702399,Emilio,Greatrex,Mowne,Male,669-571-4474,emowne2d@jugem.jp,2 School Way,
97-7716837,Marielle,Conti,Spaight,Female,914-664-7538,mspaight2e@cbsnews.com,32251 Eagle Crest Way,
35-8150747,Lari,Rushford,Winscomb,Female,759-965-6322,lwinscomb2f@examiner.com,612 Melody Pass,
05-7834258,Ranique,Purdey,Spellesy,Female,619-863-8259,rspellesy2g@facebook.com,35 Summerview Circle,92153
05-4484851,Josias,Nardoni,Worviell,Male,199-895-1737,jworviell2h@businessweek.com,899 Talmadge Hill,
22-3181360,Nessie,Hatherall,Schoales,Female,830-194-2617,nschoales2i@shutterfly.com,30 Acker Junction,2442
54-3008697,Darnell,Franchioni,Warton,Male,573-555-0989,dwarton2j@lulu.com,0284 Johnson Place,55940-000
60-6875512,Pepito,Crafter,Walklot,Male,222-260-0399,pwalklot2k@spiegel.de,56 Waywood Court,369264
97-6712439,Clementine,Jeggo,Crat,Female,415-154-2602,ccrat2l@scientificamerican.com,4 Goodland Street,359150
99-0107876,Cleveland,Sadlier,Hodcroft,Male,263-462-5457,chodcroft2m@liveinternet.ru,0 Bluejay Court,
64-2119007,Antoine,Bowyer,Norton,Male,149-747-7574,anorton2n@squarespace.com,947 Transport Avenue,
68-1471030,Estrella,Kaemena,McClosh,Female,305-427-6598,emcclosh2o@toplist.cz,1 Melody Trail,2806
21-2987345,Benjamen,Blackham,Ciobotaro,Male,726-724-9058,bciobotaro2p@google.com.au,71 Dwight Way,
27-7325244,Rickard,Tease,Kinker,Male,424-360-0640,rkinker2q@netlog.com,407 Dennis Junction,01156
10-0380514,Beatrisa,Lenin,Shewon,Female,618-584-2998,bshewon2r@reddit.com,54 Almo Park,
45-4806498,Pasquale,Purches,Pickhaver,Male,529-344-1311,ppickhaver2s@walmart.com,991 Blackbird Circle,21110
46-9646868,Cass,De la Harpe,Dudeney,Male,951-864-5116,cdudeney2t@google.ca,50 Gina Avenue,396130
63-5881604,Taylor,Brason,Leel,Male,735-497-9307,tleel2u@google.ru,62 Roth Terrace,
06-8972295,Lizzy,Erskine Sandys,Peerless,Female,290-103-2054,lpeerless2v@harvard.edu,315 Kipling Trail,
77-4982605,Fancy,Bovaird,Powe,Female,276-311-4209,fpowe2w@stumbleupon.com,42677 Luster Way,
46-6747951,Portie,Duffit,Vogl,Male,941-933-8759,pvogl2x@newsvine.com,2 Kim Junction,7645-215
25-1081844,Anita,Lodge,Kigelman,Female,451-552-4612,akigelman2y@theglobeandmail.com,92146 Holmberg Terrace,
80-6237879,Kailey,Briars,Lowrie,Female,287-202-4731,klowrie2z@who.int,934 Hoffman Lane,
45-4880790,Colet,Studdeard,Annetts,Male,333-668-4375,cannetts30@howstuffworks.com,05 Harper Park,
55-9560411,Marylou,Jillett,Benbow,Female,237-696-0325,mbenbow31@issuu.com,15805 Steensland Terrace,2430-149
91-9200523,Kaylyn,Lidyard,Beardshaw,Female,683-416-7072,kbeardshaw32@yandex.ru,09 Utah Point,253 01
23-2010842,Emmie,Gosson,Bermingham,Female,660-198-5240,ebermingham33@usda.gov,34593 Rusk Court,150009
84-2983975,Trip,Brewitt,Eydel,Male,922-731-8257,teydel34@admin.ch,0611 Sullivan Trail,164020
78-8746414,Mandy,Kaley,Stother,Female,185-774-0601,mstother35@prweb.com,51237 Dunning Hill,9488
63-6721192,Joshuah,Du Plantier,McGilleghole,Male,603-829-2875,jmcgilleghole36@hexun.com,4898 Fallview Trail,
25-7662121,Robina,Watchorn,Clover,Female,268-755-3630,rclover37@privacy.gov.au,59402 Killdeer Center,
43-5503987,Corina,Folds,Chesters,Female,263-286-2022,cchesters38@purevolume.com,25889 Clove Trail,
63-8139317,Jere,Warrack,Lantuff,Female,634-677-9456,jlantuff39@sitemeter.com,6 Charing Cross Plaza,13729 CEDEX
17-4829838,Delmor,Navarro,Bohin,Male,278-819-4016,dbohin3a@blogs.com,3 Crescent Oaks Junction,B4N
46-9437512,Read,Chard,Barfford,Male,256-902-5026,rbarfford3b@so-net.ne.jp,579 Comanche Park,
59-9072398,Adda,Endrighi,Starzaker,Female,989-894-5918,astarzaker3c@eepurl.com,993 Debs Court,
60-9257152,Cathe,Kinforth,Whitebread,Female,131-153-0553,cwhitebread3d@mapquest.com,5023 Raven Way,
45-6830416,Valerie,McAllen,Stammer,Female,133-370-8382,vstammer3e@over-blog.com,44617 Holy Cross Crossing,684537
93-4744151,Cassi,Lambkin,Inchboard,Female,903-513-9778,cinchboard3f@gmpg.org,58 Steensland Center,
94-6095014,Huntington,Meriel,Crackett,Male,648-131-9225,hcrackett3g@vistaprint.com,969 Iowa Way,44004 CEDEX 1
55-6975387,Lillian,Mulqueeny,Jerisch,Female,907-900-6954,ljerisch3h@jugem.jp,04 Alpine Place,
46-6372126,Aldous,Leile,Gibke,Male,236-529-9802,agibke3i@wikispaces.com,76822 Arkansas Court,
07-7648396,Morganne,Haycock,Beneze,Female,523-676-4182,mbeneze3j@archive.org,07832 Alpine Terrace,34130
62-2758560,Ferd,Reavell,Gomer,Male,104-932-6442,fgomer3k@facebook.com,77 Duke Terrace,
16-1787886,Ware,Stokes,Vaan,Male,485-147-3289,wvaan3l@163.com,95 Cody Junction,09-450
97-8633602,Cleon,Vasnev,Conduit,Male,230-836-9141,cconduit3m@goo.gl,477 8th Crossing,
21-6472829,Joyous,Sugg,Collinson,Female,624-862-1863,jcollinson3n@gizmodo.com,8 Main Court,
09-2742042,Thibaud,Labrum,Mottershead,Male,166-418-3395,tmottershead3o@multiply.com,9 Brickson Park Junction,
90-7022028,Gabey,Duddy,Konig,Female,501-539-7280,gkonig3p@sun.com,3731 Westerfield Alley,97417
73-8730265,Robbi,Everingham,Pellatt,Female,808-568-9615,rpellatt3q@unicef.org,4 Bonner Court,
91-9177560,Christabella,Hirche,Coltan,Female,184-787-0203,ccoltan3r@behance.net,019 Roth Drive,
47-1527190,Giulio,Matyatin,Dudding,Male,693-715-9731,gdudding3s@shop-pro.jp,47 Drewry Avenue,72-330
12-2910473,Romonda,Squibb,Brymham,Female,640-753-4545,rbrymham3t@homestead.com,46 Morningstar Avenue,
01-2736058,Andre,Piola,Pidler,Male,108-500-5123,apidler3u@mac.com,9610 Northview Park,
51-8627945,Joellyn,Kibbye,Stickley,Female,475-860-6202,jstickley3v@gmpg.org,0 Swallow Point,
74-7210714,Bartholomeus,Beharrell,Readmire,Male,792-694-8797,breadmire3w@businesswire.com,30 Hermina Crossing,1103
85-4405784,Kaleena,Ruilton,Callar,Female,519-936-1194,kcallar3x@google.ru,96 Saint Paul Crossing,
25-3347236,Whitby,Corrigan,Ashbrook,Male,704-419-7799,washbrook3y@ocn.ne.jp,023 Forest Point,28235
42-0012420,Kathryn,Simchenko,Fairbrace,Female,588-321-3098,kfairbrace3z@gravatar.com,498 Sheridan Place,
72-9018909,Trudie,Paolazzi,Burtenshaw,Female,991-907-4535,tburtenshaw40@oracle.com,24553 Killdeer Terrace,
66-1961343,Avrom,Loche,Trent,Male,424-628-4814,atrent41@bloglines.com,93 Ruskin Drive,438 01
10-3969359,Killy,Dumbleton,Birkett,Male,458-724-8507,kbirkett42@ezinearticles.com,99795 Armistice Trail,
07-1976840,Donalt,Vinnicombe,Tebbett,Male,261-146-2827,dtebbett43@behance.net,9016 Rutledge Park,
65-9641556,Jackie,Spinige,Arghent,Male,931-427-1534,jarghent44@skype.com,02 Shelley Hill,250027
56-9906446,Dew,Fowlestone,Rash,Male,161-365-8806,drash45@printfriendly.com,26522 Hoepker Avenue,
87-4374927,Bernadine,Schubbert,Patchett,Female,318-826-5494,bpatchett46@canalblog.com,96019 Northwestern Hill,
32-2433728,Corey,Kincla,Alsina,Male,613-872-5645,calsina47@amazonaws.com,908 Stone Corner Park,8711
17-9893404,Ambrosio,Cleghorn,Le Monnier,Male,989-569-8056,alemonnier48@comsenz.com,02242 Meadow Valley Pass,
95-6382078,Justine,Tilio,Antcliffe,Female,485-549-8115,jantcliffe49@acquirethisname.com,43 Garrison Pass,3260
55-0305078,Esme,Siverns,Suffe,Female,293-170-9334,esuffe4a@weebly.com,2653 Riverside Road,
67-9595178,Michel,Petersen,Pablos,Male,177-552-8603,mpablos4b@bing.com,917 Elka Alley,
73-1166581,Natasha,Charlesworth,Kluge,Female,423-517-8913,nkluge4c@histats.com,243 Utah Court,
60-3555553,Cordy,Ilett,Callis,Male,439-118-8976,ccallis4d@shop-pro.jp,5942 Mitchell Way,309642
77-6760751,Joye,Dewsnap,Percy,Female,916-969-9638,jpercy4e@sitemeter.com,506 Prentice Junction,
25-9051424,Royce,Loggie,Payne,Male,483-726-0773,rpayne4f@latimes.com,80526 Pepper Wood Parkway,96600-000
20-5611812,Langsdon,Fackney,Jost,Male,777-614-8474,ljost4g@plala.or.jp,08 Northview Pass,85410
67-7318269,Benyamin,Mc Mechan,Karel,Male,981-812-3653,bkarel4h@dmoz.org,8 Holmberg Road,
25-3964717,Reed,Danbye,Grisley,Male,148-841-4126,rgrisley4i@hao123.com,6486 Nobel Center,5317
63-7221640,Nerty,Laguerre,Coop,Female,424-429-5072,ncoop4j@freewebs.com,8 Emmet Park,
50-1402634,Nerita,Utting,Apfler,Female,775-893-7825,napfler4k@tamu.edu,5 Carioca Pass,
65-2282470,Reggis,Zanussii,Witchell,Male,321-740-2467,rwitchell4l@a8.net,1 Granby Terrace,18200-000
51-8488910,Avictor,de Bullion,Thorrington,Male,814-603-4627,athorrington4m@msu.edu,570 Village Green Pass,
51-3645351,Zsazsa,Cousin,Arrandale,Female,151-493-7002,zarrandale4n@nba.com,90 Arizona Place,
25-9476534,Paulie,Czajkowska,Heckner,Female,479-893-2927,pheckner4o@tuttocitta.it,91381 Crowley Alley,76330
35-1877564,Quillan,Simionato,Kiefer,Male,694-144-6985,qkiefer4p@histats.com,92 North Junction,
49-5132549,Conny,Trulocke,Landa,Female,809-746-9729,clanda4q@cdbaby.com,9 Moulton Hill,
79-5212432,Abbe,I'anson,McNuff,Female,812-282-7198,amcnuff4r@umn.edu,50515 Roth Center,2870-514
70-9826578,Milissent,Oran,Wythill,Female,598-508-8654,mwythill4s@topsy.com,9 Lukken Lane,
05-8280296,Eldin,Vant,Danzig,Male,205-276-6202,edanzig4t@comsenz.com,3 Monterey Park,3070-235
00-8859517,Moria,Parsand,McFaell,Female,260-725-8989,mmcfaell4u@nasa.gov,48 Anniversary Road,3465-132
89-7008048,Nola,Bridge,Luckett,Female,572-922-1528,nluckett4v@ustream.tv,41 American Ash Point,80668
50-3996994,Virgie,Bathersby,Dicken,Female,751-366-8376,vdicken4w@creativecommons.org,3 Ronald Regan Circle,2710-144
63-9384196,Octavius,Klinck,MacKnocker,Male,467-473-0822,omacknocker4x@bandcamp.com,851 Nelson Court,5436
53-0750894,Brooke,Zellner,Smallwood,Female,319-576-5853,bsmallwood4y@icq.com,2 Stone Corner Parkway,
75-1100576,Arvy,Twidle,Alenichicov,Male,450-969-0637,aalenichicov4z@facebook.com,3375 Kim Street,
36-4714248,Forbes,Bohea,Tocque,Male,350-871-9024,ftocque50@irs.gov,36234 Lighthouse Bay Street,
25-5996615,Wildon,Innis,Greated,Male,417-186-2281,wgreated51@paypal.com,6 Pine View Circle,78294 CEDEX
63-2704510,Ivan,Peterken,Bedburrow,Male,336-574-8768,ibedburrow52@typepad.com,1 Valley Edge Point,
10-4491328,Edlin,Beaston,Wilsher,Male,676-930-3173,ewilsher53@nature.com,271 Eliot Center,
21-0722035,Woodie,Shah,Tomankowski,Male,215-232-9185,wtomankowski54@chicagotribune.com,4591 Shopko Plaza,
03-2564621,Rollins,Elleray,Drillot,Male,445-249-2138,rdrillot55@github.io,3345 Boyd Lane,
68-4353818,Petronia,Northleigh,Stading,Female,156-636-0591,pstading56@mozilla.com,98 Lakewood Gardens Parkway,91000
76-1796978,Cordula,Watters,Ruspine,Female,980-696-7880,cruspine57@bandcamp.com,6747 Esker Parkway,
10-5685506,Clotilda,Bentjens,Dowd,Female,829-987-0154,cdowd58@tumblr.com,325 Prairie Rose Park,87700-000
53-1128916,Roi,Hullins,MacRannell,Male,244-963-0914,rmacrannell59@51.la,2 Kennedy Court,79160
42-2545435,Babita,Geistmann,Chastang,Female,822-666-2451,bchastang5a@indiegogo.com,87 Ruskin Crossing,309255
00-1978424,Brena,Bousler,Hallwell,Female,146-228-2492,bhallwell5b@domainmarket.com,46250 Mcbride Alley,9500-701
19-9258070,Morgana,Camlin,Ottosen,Female,603-889-7374,mottosen5c@slate.com,868 Westridge Hill,
88-7116330,Toddie,Beddard,Hedden,Male,958-301-0880,thedden5d@twitpic.com,99129 Tomscot Plaza,27260
99-3864990,Abagail,Spera,Ainge,Female,847-586-4408,aainge5e@un.org,38 Straubel Lane,293-0024
53-5574425,Tucky,Robertot,Arlott,Male,497-286-1320,tarlott5f@cbc.ca,09 Montana Crossing,3109
32-9396928,Bartolomeo,Gateman,Lightwood,Male,383-139-9943,blightwood5g@cocolog-nifty.com,65 Crownhardt Terrace,
77-3205155,Jamison,Gammidge,Norfolk,Male,614-120-4839,jnorfolk5h@ovh.net,2384 Pankratz Circle,
47-2234887,Cleavland,Cradick,Showering,Male,769-502-8258,cshowering5i@noaa.gov,2 Haas Place,
91-6405882,Albie,Sperling,Boni,Male,330-613-7827,aboni5j@wikia.com,91193 Crownhardt Way,
26-7117990,Irv,Merrisson,Lippitt,Male,612-702-7029,ilippitt5k@imageshack.us,942 Morrow Center,102085
87-6113160,Nye,Crosetto,Bramah,Male,220-604-8929,nbramah5l@amazon.co.jp,28 Pankratz Street,251 63
36-8910960,Jehanna,Caldicott,Divill,Female,471-177-9530,jdivill5m@infoseek.co.jp,388 Trailsway Center,
49-4517852,Ransell,Coaten,Oakman,Male,849-583-8454,roakman5n@google.ca,057 Namekagon Street,
96-6216066,Stanley,Jaze,Schaffler,Male,998-337-0571,sschaffler5o@sitemeter.com,1071 Nancy Alley,665 33
06-3292151,Carlyn,Brumwell,Gloster,Female,666-905-6567,cgloster5p@ameblo.jp,711 Pleasure Alley,
79-5740664,Sula,Waterhous,Skatcher,Female,179-369-0990,sskatcher5q@salon.com,79208 Canary Point,188674
49-3858365,Keenan,Dyble,Garnsworth,Male,229-192-8420,kgarnsworth5r@dell.com,8247 Jana Pass,
44-5590295,Talyah,Wildber,Ludwell,Female,235-560-2941,tludwell5s@ucsd.edu,7718 Stoughton Hill,07600-000
66-0886225,Kirsten,O'Gavin,Gabbatiss,Female,464-255-5007,kgabbatiss5t@wix.com,166 Gale Hill,281 23
93-5450427,Korie,Brick,Severy,Female,886-790-8919,ksevery5u@examiner.com,1333 Gale Street,
29-4767988,Jerome,Mulcock,Riseam,Male,789-941-4294,jriseam5v@rediff.com,24 Nancy Pass,
06-6296813,Marna,Forsbey,Haukey,Female,410-673-3278,mhaukey5w@wiley.com,1 Pawling Lane,
85-1555095,Vic,Heggman,Agirre,Male,508-829-1522,vagirre5x@people.com.cn,97869 Summerview Hill,
53-9848824,Alex,Spencelayh,Rossborough,Female,320-275-8132,arossborough5y@ustream.tv,136 Union Lane,
47-0368643,Teodoor,Mulrenan,Antonescu,Male,822-450-8181,tantonescu5z@so-net.ne.jp,428 Badeau Pass,
78-7510526,Benn,Pencot,Hayman,Male,373-780-0704,bhayman60@nhs.uk,820 Gateway Trail,
24-4067947,Pattin,Studart,Wark,Male,276-531-3877,pwark61@columbia.edu,9906 Doe Crossing Center,
31-9280807,Keeley,Benitez,Battersby,Female,230-248-3100,kbattersby62@ucla.edu,9340 Cambridge Point,
78-1868421,Neil,Gaye,Sedman,Male,199-266-4516,nsedman63@smh.com.au,44 Mcguire Street,
25-9543279,Shelli,Aspinell,Collymore,Female,570-121-4475,scollymore64@phoca.cz,39 Sullivan Circle,3342
33-0519357,Ellary,Twelftree,Penkethman,Male,842-365-0455,epenkethman65@phpbb.com,5037 Lotheville Street,
39-2536081,Rhiamon,Faber,Roebottom,Female,633-471-9708,rroebottom66@usa.gov,5 Ludington Junction,303642
29-1985888,Adelice,Riddler,St. Pierre,Female,762-128-2438,astpierre67@yandex.ru,1866 Corscot Way,
14-9369897,Skipper,Antonellini,Wadlow,Male,163-292-0282,swadlow68@printfriendly.com,195 Fuller Trail,76804 CEDEX
54-2350098,Flory,Masser,Glazzard,Female,198-929-3332,fglazzard69@weebly.com,91575 Banding Trail,952-0317
51-8854512,Tailor,Footer,Franek,Male,554-890-5575,tfranek6a@huffingtonpost.com,86 Straubel Court,42000
96-3591178,Haywood,Barczynski,Bason,Male,597-763-9048,hbason6b@wikimedia.org,1 Emmet Alley,190 12
43-4823537,Leif,McKean,Burren,Male,467-386-8455,lburren6c@t.co,580 Fairview Hill,18120-000
54-2541153,Cris,Orriss,Vanacci,Female,663-464-2463,cvanacci6d@desdev.cn,74746 Duke Avenue,
76-7163522,Lurline,Wildbore,Dummigan,Female,558-872-1442,ldummigan6e@technorati.com,40961 Brown Circle,18560-000
31-5056898,Yvonne,Serck,Kinzel,Female,980-692-1788,ykinzel6f@vimeo.com,35 Cottonwood Park,
87-2690975,Birch,Jimenez,Ladley,Male,604-551-3897,bladley6g@privacy.gov.au,29 Orin Avenue,7430-015
26-8410573,Marga,Mc Ilory,Corteney,Female,796-146-7428,mcorteney6h@ifeng.com,9 Bunting Terrace,
72-2531756,Calida,Stuart,Mealiffe,Female,832-201-5746,cmealiffe6i@artisteer.com,41711 Leroy Hill,4518
79-9563020,Findlay,Withull,Nattrass,Male,244-599-8932,fnattrass6j@mysql.com,90 Westridge Junction,34058 CEDEX 1
17-8757170,Donavon,de Savery,Whibley,Male,787-322-3560,dwhibley6k@xinhuanet.com,6399 Shopko Drive,507 32
95-3547484,Shela,Lelievre,Causon,Female,304-175-2278,scauson6l@cbc.ca,2455 Melby Circle,
15-2035453,Dukie,Mille,Shaxby,Male,818-556-3183,dshaxby6m@google.com.hk,71449 Magdeline Way,
62-3924718,Welch,Bennetts,Gobell,Male,965-416-2079,wgobell6n@berkeley.edu,2 Hauk Place,
69-2106763,Elladine,Schwier,Munkley,Female,484-944-0524,emunkley6o@sina.com.cn,029 Roth Place,
96-8777452,Kean,Dykas,Euels,Male,114-567-3324,keuels6p@google.com.br,99632 Becker Avenue,82-100
25-0031997,Marita,Eadmeades,Timbs,Female,374-818-9643,mtimbs6q@eventbrite.com,57 Gerald Circle,
78-3376411,Seka,Belchambers,Coop,Female,779-214-4257,scoop6r@ocn.ne.jp,16365 Oneill Street,
90-1552325,Marybelle,Babar,Lennox,Female,920-153-1747,mlennox6s@typepad.com,0168 Hoard Crossing,
08-6447464,Willetta,Whittick,Ellor,Female,583-454-4143,wellor6t@usda.gov,5 Clemons Avenue,
25-0633949,Lukas,Ixor,Mielnik,Male,622-117-5085,lmielnik6u@cocolog-nifty.com,3 Moulton Plaza,47990-000
10-0847525,Oliy,Giannotti,Peaddie,Female,143-103-4879,opeaddie6v@deviantart.com,3566 Namekagon Place,
67-7907040,Tymothy,Kolodziej,Tingle,Male,369-379-7802,ttingle6w@google.fr,511 Mitchell Parkway,
30-1390112,Norene,Andreacci,Philippon,Female,608-734-8058,nphilippon6x@cdbaby.com,7 Division Plaza,
26-0477206,Robers,Lindop,Spitaro,Male,513-608-5932,rspitaro6y@spiegel.de,019 Annamark Trail,45223
15-3520764,Cristian,Pahlsson,Zukerman,Male,766-997-5379,czukerman6z@1688.com,14547 Warbler Alley,
44-8757819,Jamesy,Beacom,Vivyan,Male,158-758-6787,jvivyan70@ihg.com,47 Forest Dale Parkway,
23-3428391,Jedediah,Nettles,Coppock.,Male,168-900-5950,jcoppock71@icio.us,15 Florence Drive,
82-5704681,Doralin,Beamand,Bourgaize,Female,149-331-3124,dbourgaize72@aboutads.info,45 Elka Pass,
03-3310799,Harman,Clay,Gabriely,Male,858-801-8519,hgabriely73@huffingtonpost.com,5491 Superior Circle,
82-4977506,Enos,Lankham,Plane,Male,334-767-6954,eplane74@w3.org,68509 Morning Center,79480-000
01-9868493,Evan,Cuddy,Oaker,Male,534-443-2747,eoaker75@hibu.com,0 Ramsey Street,
96-2616944,Verine,Clemo,Nawton,Female,562-541-9454,vnawton76@google.com.hk,25 Cambridge Place,5994
32-5065827,Lola,Forsdyke,Dyment,Female,653-958-8227,ldyment77@alexa.com,6 Susan Pass,87-337
05-3746282,Felipe,Evreux,Langridge,Male,488-400-2289,flangridge78@wordpress.com,24 Prairie Rose Place,
44-5727955,Rosita,Avory,Commins,Female,434-390-6628,rcommins79@google.de,7 Kinsman Avenue,
20-3622282,Egan,Prendergrast,Fawloe,Male,911-995-1958,efawloe7a@opensource.org,8 Carey Junction,
38-2070856,Anthea,Fishbourn,Ousley,Female,813-656-4504,aousley7b@whitehouse.gov,8 Green Ridge Circle,33680
08-3377507,Shannen,Formby,Bassom,Female,970-107-7879,sbassom7c@example.com,72991 Hazelcrest Alley,09450-000
37-4023887,Francisco,Augur,Revie,Male,690-139-8191,frevie7d@spotify.com,26393 Linden Terrace,
70-8912643,Ebony,Devers,Setterthwait,Female,900-928-3512,esetterthwait7e@bbb.org,9 Kim Alley,4203
64-8894589,Vinny,Waters,Culbert,Female,540-743-3043,vculbert7f@mozilla.com,0737 Corben Point,03-840
92-7726423,Chicky,Vargas,Feaveer,Male,614-570-1515,cfeaveer7g@mail.ru,051 New Castle Place,
14-3714992,Tracey,Hintze,Gear,Male,839-239-5584,tgear7h@gmpg.org,7061 Mariners Cove Pass,353810
05-4860324,Frederich,Kornyakov,Sara,Male,306-621-8222,fsara7i@newsvine.com,78 Ronald Regan Junction,
39-5365046,Ruby,Wilding,Gatty,Male,493-110-2828,rgatty7j@gov.uk,8 Continental Hill,
86-4432527,Edna,Camili,Ivins,Female,596-287-0177,eivins7k@alibaba.com,61 Lighthouse Bay Alley,63530
91-6897229,Mort,Cropp,Glasspoole,Male,987-626-6304,mglasspoole7l@google.nl,479 Susan Parkway,142143
72-5862361,Malanie,Jiroudek,Kops,Female,489-783-0280,mkops7m@jugem.jp,71177 Prairieview Center,722 44
32-1560401,Saundra,D'Ambrosi,McAw,Male,625-941-2580,smcaw7n@google.fr,208 Hoard Crossing,
01-0728186,Evelyn,Briat,Odom,Male,498-385-0699,eodom7o@nps.gov,455 Johnson Street,
14-3455638,Breanne,Rolfo,Tweedlie,Female,884-520-6738,btweedlie7p@wikimedia.org,64 Debs Trail,
60-2831217,Marcos,Bloyes,Aldrick,Male,164-619-0639,maldrick7q@sitemeter.com,83362 Forster Pass,
14-7332916,Bibi,Hargrove,Fradgley,Female,208-128-6897,bfradgley7r@nih.gov,63 Thackeray Place,
11-5871244,Johnette,Lansbury,Petracci,Female,799-901-8454,jpetracci7s@cbc.ca,345 Ohio Road,
18-0740365,Anatola,Bernardes,Pyper,Female,989-260-1132,apyper7t@sogou.com,89 4th Hill,46825-000
03-6012053,Hesther,Gofton,Wicklin,Female,650-103-3512,hwicklin7u@ovh.net,9 Calypso Trail,94330
78-0228813,Yolanda,Ondrus,McKean,Female,602-633-9370,ymckean7v@unc.edu,331 Laurel Point,85164 CEDEX
77-6421678,Clare,Nern,Massei,Female,368-934-6530,cmassei7w@accuweather.com,5 Erie Point,134 34
50-3960382,Candie,Gounin,Bernardoux,Female,852-995-3209,cbernardoux7x@imdb.com,2852 Montana Lane,
37-0800110,Darrin,Agirre,Hughes,Male,887-144-0665,dhughes7y@hatena.ne.jp,72 Ronald Regan Drive,161560
63-5390619,Killian,Jackett,Glidder,Male,407-957-5327,kglidder7z@comsenz.com,95 Caliangt Pass,617010
30-4637641,Aron,Fullicks,Braemer,Male,382-485-9109,abraemer80@unesco.org,78001 Sachtjen Hill,3313
39-7868728,Fee,Lake,Desantis,Male,274-866-4016,fdesantis81@gov.uk,2330 Summer Ridge Crossing,
71-5262083,Mead,Mattschas,Dinley,Female,637-507-4507,mdinley82@godaddy.com,595 Thompson Alley,47220
66-3604262,Richart,Carne,Guerrin,Male,838-279-5321,rguerrin83@clickbank.net,748 Farwell Lane,44600-000
19-2586454,Edithe,Wheelan,Squibbes,Female,542-172-5985,esquibbes84@soup.io,14848 Eliot Road,
28-3999272,Engracia,Goomes,Caunce,Female,770-761-1729,ecaunce85@hubpages.com,78 Glendale Court,
94-8785905,Theodor,Rosencwaig,Ummfrey,Male,846-975-0030,tummfrey86@wix.com,93 Nancy Trail,92398 CEDEX
80-4165412,Roxine,Keenor,Olford,Female,786-834-4656,rolford87@wp.com,6 Comanche Parkway,33190
59-3327018,Luz,Vasyatkin,Straker,Female,721-371-5168,lstraker88@businessweek.com,831 Dahle Hill,
95-2716206,Dick,Giddy,Bretherick,Male,745-207-3683,dbretherick89@hc360.com,665 Randy Junction,
89-2117772,Vladimir,Oxherd,Woltman,Male,250-984-8716,vwoltman8a@instagram.com,9 Hermina Trail,
96-8577827,Kalle,Gilford,Tinsey,Male,518-152-5292,ktinsey8b@reddit.com,62484 Eggendart Avenue,
09-6958904,Allison,Blamey,Joanic,Female,913-426-0431,ajoanic8c@mac.com,9 Monument Plaza,
51-1058751,Bayard,Guidetti,Saph,Male,476-451-5250,bsaph8d@fastcompany.com,83558 Schiller Way,59-818
06-1702561,Myrtice,Densie,Wrought,Female,129-783-8427,mwrought8e@shareasale.com,561 Stephen Crossing,5029
59-9724731,Alonzo,Simukov,Halladay,Male,759-238-6129,ahalladay8f@paginegialle.it,10 Pierstorff Way,
65-4235641,Ingaberg,Evison,Prall,Female,654-604-2760,iprall8g@geocities.com,2 Lien Trail,6201
85-4577130,Mandel,Arnaut,Varne,Male,251-555-3181,mvarne8h@discuz.net,18781 Mockingbird Point,9713
19-3212236,Carolyn,Waddie,Burchall,Female,840-936-9043,cburchall8i@123-reg.co.uk,6187 Acker Way,649219
80-7211264,Helene,Allum,Truckett,Female,975-749-7003,htruckett8j@economist.com,430 Iowa Plaza,
95-1472345,Carmelia,McFetrich,Tyrer,Female,369-498-5208,ctyrer8k@google.com,3155 Prentice Circle,
24-2306674,Eldridge,Hum,Villaret,Male,633-792-0399,evillaret8l@goo.gl,757 Delladonna Pass,3070-024
75-6487624,Anneliese,Norgan,Lambregts,Female,216-598-9860,alambregts8m@samsung.com,1127 Cardinal Hill,92061 CEDEX
60-5604050,Erik,Fegan,Bullivent,Male,987-672-5437,ebullivent8n@hugedomains.com,98844 Northridge Drive,
31-6362343,Godwin,Spenton,Nathan,Male,645-991-7509,gnathan8o@freewebs.com,09596 Bluestem Crossing,521 96
37-4946429,Amalie,Hulstrom,Rustedge,Female,630-369-1053,arustedge8p@unicef.org,153 Anniversary Center,
69-7245909,Myrta,De Andisie,Swinfon,Female,478-581-7911,mswinfon8q@google.com,54528 Leroy Street,301723
09-3801666,Vance,Shury,Tesimon,Male,802-147-7038,vtesimon8r@domainmarket.com,27144 Tomscot Parkway,
86-2221742,Laurie,Budget,Tschierse,Female,593-869-2104,ltschierse8s@state.tx.us,51141 Quincy Trail,
82-5874543,Wendall,Jewar,Wakelin,Male,804-858-7849,wwakelin8t@goo.ne.jp,1 Hanover Plaza,
62-2721806,Howie,Twidell,Golding,Male,967-745-8286,hgolding8u@issuu.com,66583 Browning Street,
34-1375478,Barnebas,de Cullip,Martinho,Male,249-572-4190,bmartinho8v@topsy.com,62 Rockefeller Parkway,5209
87-7360770,Denis,MacGee,Northill,Male,501-975-9884,dnorthill8w@sitemeter.com,01 Scoville Circle,97-216
42-6530419,Maggy,Lubeck,Hotchkin,Female,752-664-4698,mhotchkin8x@digg.com,5269 Transport Road,6521
11-5610729,Ban,Doran,Webb,Male,364-368-3047,bwebb8y@sphinn.com,3277 Fieldstone Terrace,
16-2342455,Odille,Cottel,Wenn,Female,357-423-6559,owenn8z@usatoday.com,05653 Havey Park,8503
26-9387586,Cory,Ruggles,Dinan,Female,258-450-0366,cdinan90@ihg.com,4 Havey Hill,2921
38-6835248,Gordie,Sarjent,Bulcock,Male,735-512-7985,gbulcock91@telegraph.co.uk,8678 Eastwood Center,93005 CEDEX
24-4461054,Austina,Rapier,Joseland,Female,711-979-5907,ajoseland92@upenn.edu,103 Pennsylvania Alley,7102
74-4506141,Hamid,Collinge,Sabates,Male,100-409-8096,hsabates93@europa.eu,114 Cody Center,
28-7092914,Meaghan,Cholmondeley,Bellward,Female,347-869-2179,mbellward94@bbb.org,891 Roth Hill,273 05
89-4471694,Antonie,Lackeye,Thrower,Female,435-350-3613,athrower95@omniture.com,850 Shopko Drive,
18-6968842,Kristien,Howett,Robbey,Female,835-307-1420,krobbey96@whitehouse.gov,51 Miller Park,
83-4007484,Maurits,Ferier,Hallen,Male,861-319-0566,mhallen97@acquirethisname.com,452 Anderson Center,7940
41-8888717,Ulises,Hanselman,Maty,Male,916-359-9615,umaty98@e-recht24.de,2 Independence Drive,94207
78-9921223,Bruis,Markie,Andreutti,Male,228-786-5557,bandreutti99@seesaa.net,8 Rutledge Alley,
68-0114318,Trudy,Mitford,Janek,Female,819-758-8122,tjanek9a@w3.org,6017 Larry Lane,5085-105
11-5507332,Jo ann,Peterson,Seydlitz,Female,241-673-0647,jseydlitz9b@i2i.jp,5 Cottonwood Hill,
07-8329229,Homer,Zambon,Hairon,Male,999-813-1844,hhairon9c@opera.com,9326 Artisan Hill,
33-2488361,Charo,Hanhart,Josiah,Female,886-275-7213,cjosiah9d@is.gd,848 Mifflin Court,
58-5132219,Fidelity,Nickoles,Imison,Female,945-567-9271,fimison9e@cpanel.net,688 Acker Junction,396336
93-9791873,Audy,Holde,Feary,Female,734-365-2737,afeary9f@paginegialle.it,792 Randy Hill,
55-5610503,Shaine,Yude,Fintoph,Male,290-194-7511,sfintoph9g@sitemeter.com,0010 Chinook Park,
20-0135887,Petrina,Pulford,Sallowaye,Female,668-245-2766,psallowaye9h@phoca.cz,0753 Kennedy Road,
00-5087888,West,Rankine,Daughtery,Male,139-203-2762,wdaughtery9i@barnesandnoble.com,6599 Old Shore Alley,06116 CEDEX
35-9371819,Hunter,Mackstead,Leggon,Male,118-179-1162,hleggon9j@cbslocal.com,0762 West Way,
36-8716418,Clarke,Padgett,Hillborne,Male,357-612-8933,chillborne9k@1688.com,0462 Bunker Hill Terrace,
72-1797687,Alexandros,Charte,Pury,Male,763-887-1182,apury9l@sohu.com,9239 Sherman Street,
52-4562911,Emelen,Queen,Thurstance,Male,131-738-0412,ethurstance9m@un.org,04650 Lawn Lane,
09-9459995,Rogerio,Ravenscraft,Gossan,Male,883-837-7498,rgossan9n@independent.co.uk,15671 Farwell Way,
74-9103740,Cobby,Bosdet,Haines,Male,654-272-3661,chaines9o@gravatar.com,584 Straubel Place,582 02
70-3319374,Horten,Renbold,Demsey,Male,155-554-8062,hdemsey9p@apple.com,45532 Sloan Way,10370
74-5676837,Dave,Haythornthwaite,Sandwith,Male,726-356-9164,dsandwith9q@nationalgeographic.com,294 Kensington Avenue,
68-8905522,Gardiner,Donnel,Verman,Male,969-250-9304,gverman9r@mayoclinic.com,5534 Prairie Rose Circle,74999 CEDEX 9
52-4422395,Stearn,Eslie,Jillitt,Male,448-795-3233,sjillitt9s@goodreads.com,52 Jana Lane,84019 CEDEX 1
42-4178943,Purcell,Hellyer,Kell,Male,475-186-3003,pkell9t@cpanel.net,4 Amoth Terrace,7300
57-7963003,Abby,Tabner,Fey,Female,212-697-2780,afey9u@quantcast.com,962 Harper Road,2406
18-6959334,Chastity,Ralling,Moraleda,Female,400-712-0834,cmoraleda9v@exblog.jp,3872 Green Ridge Drive,86-010
08-2414932,Corry,Shayes,Stolli,Female,473-175-0053,cstolli9w@theatlantic.com,3 Shoshone Pass,369-0114
24-8914463,Misha,Durrand,Emeny,Female,812-263-6651,memeny9x@webeden.co.uk,882 Lakewood Gardens Road,2902
95-1402666,Dennie,Emmanuel,Screas,Male,579-587-6731,dscreas9y@parallels.com,835 Darwin Hill,22-107
72-5689064,Leonhard,O'Bradden,Eckels,Male,808-428-6065,leckels9z@trellian.com,72420 Badeau Drive,
91-3155232,Arel,Hewes,Scrivener,Male,833-924-5950,ascrivenera0@nps.gov,2 Gulseth Junction,06-120
16-6014267,Millard,Wheelton,Bothen,Male,496-990-1111,mbothena1@godaddy.com,9 Marcy Trail,
86-0618190,Padgett,Enriques,Liverseege,Male,875-976-0260,pliverseegea2@intel.com,75 Montana Avenue,42-165
81-5665490,Arlena,Lyfield,Vidineev,Female,733-300-7820,avidineeva3@tmall.com,29 Dovetail Parkway,5571
09-4267762,Darby,Barge,Dobbyn,Female,281-964-9891,ddobbyna4@infoseek.co.jp,968 Amoth Way,943 36
51-6705491,Alina,Harbert,Gambell,Female,743-163-7465,agambella5@yelp.com,255 Victoria Road,
61-2789713,Hamid,Emblow,Nairne,Male,545-219-3751,hnairnea6@cdbaby.com,98001 Brickson Park Junction,
53-9085436,Nerita,Aires,McMurtyr,Female,642-205-9233,nmcmurtyra7@t-online.de,4 La Follette Drive,
50-7396940,Delcina,Turford,Suarez,Female,580-510-0237,dsuareza8@nps.gov,5531 Golf Court,18185-000
31-7189707,Cornela,Risbrough,Rawlyns,Female,802-548-6511,crawlynsa9@discovery.com,198 Bunting Point,
62-0080609,Mord,Fulks,Scheffel,Male,589-990-6631,mscheffelaa@un.org,24410 Pearson Drive,
96-9197410,Bobby,De Simoni,Burehill,Female,249-843-3652,bburehillab@dropbox.com,3554 Merrick Junction,96130
96-9131948,Carl,Barnewell,Kops,Male,747-871-0499,ckopsac@about.me,53 Maple Wood Circle,21120
53-3926818,Swen,Ansett,Keymar,Male,520-280-4737,skeymarad@com.com,85 Kings Plaza,85754
21-4007808,Wynnie,Norcliffe,Ponting,Female,986-159-2227,wpontingae@phpbb.com,8 Brickson Park Lane,
97-0174946,Lanie,Hawken,Driutti,Female,218-950-0144,ldriuttiaf@ovh.net,2542 Carpenter Junction,29411 CEDEX
13-4411636,Nolan,Spackman,Beadnell,Male,619-640-5153,nbeadnellag@technorati.com,4276 Maple Drive,91140
28-8204184,Allys,Dengel,Phythien,Female,296-213-4279,aphythienah@liveinternet.ru,72 Eagan Avenue,6140
83-9777319,Emanuel,Enterlein,Skeggs,Male,394-273-5568,eskeggsai@umn.edu,0116 Hauk Junction,
68-8197479,Marcie,Southcombe,Hupe,Female,467-916-6156,mhupeaj@dailymail.co.uk,17 Truax Parkway,601231
33-7338424,Mildred,Harmond,Lockyear,Female,800-634-0445,mlockyearak@lulu.com,95 Canary Lane,
55-7530673,Emlynne,Stoeckle,Boriston,Female,504-896-2898,eboristonal@apple.com,046 Sunnyside Place,
35-6097559,Louisette,Chopping,Edser,Female,809-692-0877,ledseram@utexas.edu,4 Hermina Alley,
34-8509620,Derron,Bestiman,Aiton,Male,610-673-8194,daitonan@csmonitor.com,4 Scott Parkway,B2J
99-6793593,Keary,Feathers,Standish-Brooks,Male,406-836-1957,kstandishbrooksao@wikimedia.org,711 Petterle Trail,
72-2037232,Dorena,Claibourn,Tomkins,Female,471-608-8495,dtomkinsap@hostgator.com,66272 Blue Bill Park Lane,
70-1473720,Robby,Gosneye,Scrimshaw,Female,185-583-6062,rscrimshawaq@list-manage.com,91803 Eggendart Plaza,
34-7949092,Trude,Fishenden,Brisland,Female,392-528-1400,tbrislandar@adobe.com,5111 Alpine Terrace,763 32
25-7739608,Gerta,Stable,Wardell,Female,251-316-9066,gwardellas@ow.ly,27958 Daystar Drive,11600
99-5788645,Hendrika,Overill,Candlin,Female,312-424-1052,hcandlinat@blog.com,8 Morning Lane,1053
95-6789186,Adele,Sail,Lambricht,Female,481-239-1582,alambrichtau@soundcloud.com,715 Luster Center,2410
61-7226230,Audra,Rahlof,Motton,Female,912-670-2409,amottonav@usa.gov,7375 Shelley Alley,
41-1946261,Jodee,Maybury,Pallatina,Female,491-575-9133,jpallatinaaw@cmu.edu,574 Kipling Terrace,4435-603
31-4202748,Ondrea,Dreschler,Ardron,Female,494-478-0862,oardronax@alibaba.com,1 Gerald Circle,6405
01-2286484,Orelle,Luparti,Guirau,Female,418-643-8210,oguirauay@wordpress.org,426 Westend Plaza,
03-2919643,Cleon,Pfeffer,Baxster,Male,815-408-0118,cbaxsteraz@yahoo.co.jp,38 Meadow Ridge Pass,
26-8831099,Cosme,Elliman,Blease,Male,164-238-7438,cbleaseb0@github.com,0 Sage Plaza,574 91
01-2921594,Terencio,Cork,McVeagh,Male,378-289-0282,tmcveaghb1@scientificamerican.com,16960 Katie Pass,
54-0862877,Hunter,McCarroll,De Hooge,Male,462-132-7558,hdehoogeb2@aol.com,7076 Hagan Parkway,4809
90-0440649,Ninetta,Speaks,Smoote,Female,983-314-0114,nsmooteb3@vinaora.com,84 Packers Drive,
86-9479528,Kirby,Labell,Rothman,Male,953-340-2831,krothmanb4@wisc.edu,825 Toban Plaza,
80-7132472,Tallia,Sturzaker,Epsley,Female,544-584-9702,tepsleyb5@devhub.com,7151 Ruskin Trail,
40-0403431,Carmel,Downey,Backe,Female,906-576-9540,cbackeb6@people.com.cn,58 Welch Street,
34-1697845,Klement,Vannini,Leppington,Male,347-943-6537,kleppingtonb7@hc360.com,74 Arrowood Pass,
90-6118527,Fayina,Rubenov,Allinson,Female,826-947-4852,fallinsonb8@abc.net.au,7487 Ramsey Lane,
30-9736947,Kermy,McIlory,Guye,Male,811-651-0046,kguyeb9@about.com,7 Manley Crossing,65715-000
75-0914489,Ilaire,Room,Darker,Male,593-149-4686,idarkerba@unc.edu,9 Granby Road,
30-3775454,Tallie,Boomes,Canfield,Female,347-778-3810,tcanfieldbb@cmu.edu,5 Ludington Pass,652240
63-2975049,Jamima,Stammers,Trahair,Female,441-785-2152,jtrahairbc@businessweek.com,45982 Armistice Road,42-310
98-5245918,Frayda,Alexandersen,De Bruijne,Female,661-126-3924,fdebruijnebd@sitemeter.com,69919 Graedel Pass,
68-8806540,Isidor,Jorioz,McKimmie,Male,818-202-0618,imckimmiebe@utexas.edu,15 Kennedy Drive,307350
84-3878978,Base,Milier,Lambe,Male,282-744-1553,blambebf@columbia.edu,724 Ohio Parkway,6070
57-0087732,Jourdain,Bathoe,Oaten,Male,367-431-4858,joatenbg@hhs.gov,877 Schurz Road,
69-7125998,Ingrid,Brenard,Waddam,Female,223-902-6349,iwaddambh@netscape.com,581 Manley Court,685518
52-9916689,Margeaux,Hardacre,Schenkel,Female,824-872-0343,mschenkelbi@geocities.jp,2 Washington Center,
00-4609068,Karol,Darrington,Demcak,Female,180-893-2905,kdemcakbj@symantec.com,38 Anhalt Parkway,3544
29-3839941,Daniella,Le Conte,Longhorne,Female,492-829-6873,dlonghornebk@163.com,3 Farmco Lane,
28-0875021,Bertine,Matei,Trusse,Female,132-215-6305,btrussebl@live.com,49646 Weeping Birch Plaza,
10-4242756,Byrom,Lynnett,Robshaw,Male,107-371-3335,brobshawbm@naver.com,604 Algoma Junction,49-200
55-2361356,Janaye,Oakly,Towersey,Female,322-674-5491,jtowerseybn@livejournal.com,4 Victoria Pass,
19-0032676,Mildrid,Greenlees,Bellenger,Female,252-439-9440,mbellengerbo@pen.io,9 Bellgrove Way,
89-7452167,Cathryn,Sone,Coat,Female,788-593-7903,ccoatbp@ucoz.com,159 Memorial Lane,45545-000
83-7347245,Ky,Antao,Bristo,Male,886-268-7609,kbristobq@hud.gov,6 Mariners Cove Trail,
46-5067779,Beltran,Emmison,Anster,Male,740-264-6164,bansterbr@liveinternet.ru,3849 Marquette Junction,35203 CEDEX 2
66-1786666,Lisha,Boolsen,Eakins,Female,611-442-6644,leakinsbs@java.com,7 Cherokee Crossing,
81-7185073,Stanley,Poag,Maxfield,Male,655-962-7647,smaxfieldbt@accuweather.com,787 Manley Avenue,
54-3043546,Stevie,Gowrich,Bakhrushin,Male,982-473-7669,sbakhrushinbu@parallels.com,571 Bay Alley,624320
55-1611849,Linzy,Trosdall,Goom,Female,566-328-4909,lgoombv@livejournal.com,7 Eliot Circle,7460-204
50-0865421,Toiboid,Zanini,Leathers,Male,355-375-0355,tleathersbw@pagesperso-orange.fr,45187 Straubel Pass,
20-5807637,Freddie,Stive,Castagna,Male,152-786-0490,fcastagnabx@diigo.com,7206 Nobel Drive,
57-6792339,Dionne,Drewe,Berrygun,Female,604-551-6617,dberrygunby@ft.com,63 Mifflin Alley,
15-9144949,Creighton,Papps,Bostick,Male,443-822-5608,cbostickbz@drupal.org,9 Stang Court,T7N
90-5782066,Ailee,Vanyashin,McGeouch,Female,578-675-5842,amcgeouchc0@nifty.com,08958 Monica Road,2274
20-3771605,Karolina,Axtell,Crabb,Female,161-756-2400,kcrabbc1@1688.com,1 Oxford Trail,
68-3474696,Peggy,Peel,Thirwell,Female,967-228-4666,pthirwellc2@spotify.com,87614 Kedzie Parkway,
91-3206406,Roslyn,Scouse,Rockhill,Female,559-187-4893,rrockhillc3@youtu.be,86 Tomscot Terrace,
06-5528535,Alica,Kippen,Boles,Female,364-561-8623,abolesc4@who.int,53 Johnson Center,756 57
89-4406886,Susanne,Ocklin,Timmons,Female,947-875-4812,stimmonsc5@archive.org,2545 Lakewood Gardens Plaza,
40-9341120,Dar,McCoveney,Maryon,Male,244-884-2314,dmaryonc6@howstuffworks.com,28 Quincy Plaza,
39-2941812,Elisabet,Itscowics,Finneran,Female,462-202-8306,efinneranc7@narod.ru,493 Lillian Point,
98-9989071,Demetrius,Padmore,Botterman,Male,240-375-7729,dbottermanc8@mysql.com,0 Upham Crossing,
44-9629988,Julieta,MacWhirter,Suero,Female,438-290-6540,jsueroc9@webmd.com,37 Roxbury Center,
33-7505609,Bianka,Herrema,Ebbitt,Female,305-815-6644,bebbittca@quantcast.com,6 Cambridge Plaza,33169
15-7552830,Irvine,Ingrey,Daffern,Male,888-647-3120,idafferncb@e-recht24.de,18371 Sullivan Drive,
45-9114422,Raoul,Schouthede,Kumar,Male,196-634-1819,rkumarcc@unc.edu,6 Grover Pass,6301
10-8396347,Regan,Duddle,Mawdsley,Male,692-385-6834,rmawdsleycd@unicef.org,87 Kim Alley,
57-1958542,Orson,Lilbourne,Dabner,Male,648-613-0785,odabnerce@altervista.org,10 Fieldstone Junction,
14-5114266,Daphna,Cable,Razoux,Female,464-838-5067,drazouxcf@scientificamerican.com,27748 Brentwood Avenue,172029
83-0933547,Demetre,Romans,Hubbock,Male,816-565-9687,dhubbockcg@reference.com,0 American Hill,
30-7814275,Hube,Oggers,Lennie,Male,847-539-6427,hlenniech@slideshare.net,36 Coleman Trail,
60-1841819,Brendis,Friend,Samuels,Male,645-683-5039,bsamuelsci@dmoz.org,426 Fuller Hill,646880
50-7920063,Pepillo,Greiswood,Svanini,Male,963-278-3950,psvaninicj@cdbaby.com,35 Declaration Street,
22-6680284,Rubia,Tellenbach,Weathey,Female,448-565-9610,rweatheyck@blogs.com,13 Sage Alley,6201
86-1792036,Morlee,Giffard,Primmer,Male,617-515-1985,mprimmercl@cbsnews.com,26092 Vidon Center,02216
26-8076870,Garik,Backsal,Wager,Male,287-503-4582,gwagercm@sina.com.cn,67 Erie Avenue,
23-6401752,Fremont,Ruckert,Ogle,Male,299-130-0149,foglecn@indiegogo.com,56 Manley Parkway,301792
43-9671461,Jami,Robken,Jeffree,Female,209-218-7135,jjeffreeco@mapquest.com,935 Loftsgordon Junction,
73-4864082,Gusta,Brownbridge,Frosdick,Female,500-803-1772,gfrosdickcp@weather.com,23 Jay Avenue,2725
51-6266463,Myrilla,Healey,McCullagh,Female,637-604-7792,mmccullaghcq@acquirethisname.com,9 Dorton Park,628251
88-7170525,Olive,Kinsell,Mapples,Female,258-162-9838,omapplescr@fema.gov,0826 Northridge Court,
66-0501568,Faunie,Askaw,Jirusek,Female,910-156-9377,fjirusekcs@wikispaces.com,0 Mitchell Terrace,
79-5434550,Rutledge,Mawson,Burkman,Male,303-713-5290,rburkmanct@wisc.edu,94417 Erie Drive,754 48
82-3094838,Lorri,Vashchenko,Kinavan,Female,163-629-8873,lkinavancu@mail.ru,26379 Bobwhite Place,
34-4724524,Kim,Bromilow,McMahon,Female,435-266-4783,kmcmahoncv@hibu.com,4973 Artisan Street,
60-1065241,Sheppard,Le Provost,Hamper,Male,513-502-6852,shampercw@elpais.com,4511 Surrey Place,801 84
90-9672905,Arch,Ventris,Hawler,Male,412-412-5745,ahawlercx@ycombinator.com,55191 Linden Court,
16-0205216,Henrieta,Cotelard,Byllam,Female,361-368-9130,hbyllamcy@umn.edu,4863 Bay Lane,
17-4674789,Nicol,McClay,Jedrys,Male,298-765-1150,njedryscz@desdev.cn,45987 Waywood Drive,
46-3568370,Lynnell,Gathwaite,Zannotelli,Female,395-765-2784,lzannotellid0@hugedomains.com,51 Ridge Oak Street,683 54
95-8277100,Fowler,Huckleby,Boxell,Male,360-101-8431,fboxelld1@shop-pro.jp,38 Transport Court,
43-9605358,Oliver,Caveau,Earles,Male,126-917-3339,oearlesd2@bigcartel.com,722 Hollow Ridge Park,21030 CEDEX
89-8093303,Elita,Severn,Abrashkin,Female,172-638-9420,eabrashkind3@google.ca,1710 Dryden Place,09-505
98-4790392,Dacey,Dederick,Gauntlett,Female,270-780-8499,dgauntlettd4@nbcnews.com,0652 Little Fleur Circle,
72-4986153,Weylin,Barnewille,Jirieck,Male,482-165-7501,wjirieckd5@ucsd.edu,574 Kinsman Lane,
03-6454203,Curt,Glanville,MacKaig,Male,998-757-7146,cmackaigd6@parallels.com,07665 Sundown Park,
85-4330053,Raymond,Wormleighton,Hing,Male,835-255-2736,rhingd7@jimdo.com,615 Sachtjen Point,
38-7014731,Horacio,Crutchley,Caraher,Male,957-721-6702,hcaraherd8@chronoengine.com,46244 Tomscot Avenue,1819
11-1783798,Sacha,McClaren,Sircomb,Female,126-220-2641,ssircombd9@dyndns.org,6 Rieder Alley,16370-000
80-6438270,Christie,Treleven,Brandham,Male,705-121-0790,cbrandhamda@yahoo.com,3582 Cody Junction,
08-9120994,Kristoffer,Morfey,O'Moylan,Male,537-877-7806,komoylandb@tmall.com,722 4th Circle,
97-2791809,Tom,Sapsed,Prest,Male,370-996-8380,tprestdc@4shared.com,8 Kings Pass,760050
55-6524570,Olly,Zoppie,Dytham,Female,580-820-1683,odythamdd@tuttocitta.it,3 Memorial Trail,2235
64-0457259,Berk,Valder,Livesay,Male,659-607-7932,blivesayde@istockphoto.com,91434 Declaration Park,1701
74-1010137,Arnoldo,Gilcriest,Meaton,Male,759-687-8117,ameatondf@homestead.com,87 Dryden Drive,
70-6797726,Lawry,Uzelli,Motion,Male,353-671-8720,lmotiondg@guardian.co.uk,79 Sutherland Alley,2420-231
73-2066169,Ash,Dwane,Limbrick,Male,515-926-4368,alimbrickdh@bbc.co.uk,63242 Knutson Way,
55-7463791,Wynnie,Hrihorovich,Kitchenman,Female,737-892-2360,wkitchenmandi@mapquest.com,9287 Banding Crossing,58388-000
91-4301346,Carey,Buard,Braundt,Female,916-385-6854,cbraundtdj@posterous.com,5 Eggendart Road,94263
87-1272138,Baxie,Matteacci,Kleinerman,Male,241-492-2395,bkleinermandk@blinklist.com,59 Summer Ridge Terrace,251607
45-4180089,Lucho,Swyn,Moehler,Male,776-515-2973,lmoehlerdl@dot.gov,13 Becker Road,86990-000
92-1666955,Teador,Mundford,Smidmore,Male,751-333-1283,tsmidmoredm@dedecms.com,99 3rd Circle,
95-7954000,Correna,Wastell,Kingzeth,Female,181-462-6740,ckingzethdn@amazonaws.com,0 Toban Parkway,
34-1529624,Kingsly,Mackro,Maidens,Male,514-459-8906,kmaidensdo@tinyurl.com,3212 Bay Circle,
94-6825213,Kearney,Redwing,Lewisham,Male,570-972-0331,klewishamdp@dropbox.com,65 Dunning Circle,
71-4086362,Kendre,Jeness,Burness,Female,197-779-3424,kburnessdq@adobe.com,9 Maywood Circle,
20-6757120,Dallon,Rendall,Jeavons,Male,850-144-2750,djeavonsdr@intel.com,815 Linden Crossing,
26-5988134,Allistir,Ffoulkes,Harkess,Male,445-323-7297,aharkessds@smh.com.au,0424 Manufacturers Alley,
73-7371127,Kerrill,Bim,Dodge,Female,836-587-7331,kdodgedt@acquirethisname.com,2 Pond Avenue,
00-1370824,Shae,Bariball,De Mars,Male,255-536-9359,sdemarsdu@hhs.gov,333 Bluestem Court,11660-000
72-9235001,Dante,Ghirigori,Antonopoulos,Male,104-322-7591,dantonopoulosdv@indiatimes.com,47 Gateway Court,
80-1868943,Ana,Screaton,Gerler,Female,452-829-0320,agerlerdw@chicagotribune.com,096 Spaight Hill,79503
56-8405153,Suzie,Antrag,Ketteringham,Female,428-657-5991,sketteringhamdx@ox.ac.uk,6389 Sunbrook Alley,PBK
98-6159598,Riley,Waring,Stiff,Male,514-395-1046,rstiffdy@squarespace.com,1 Memorial Crossing,21210
14-5742501,Bern,Spick,Lett,Male,416-582-8900,blettdz@squidoo.com,5 Roxbury Center,2425-317
90-0801421,Alva,Boniface,Dedney,Male,284-435-4354,adedneye0@creativecommons.org,5123 Texas Street,6230-689
85-8738774,Greta,Yurenev,Roseby,Female,951-426-2735,grosebye1@bizjournals.com,26 Starling Crossing,83120
85-6194016,Ferdie,Delmage,Demongeot,Male,567-222-5918,fdemongeote2@wiley.com,7 Rutledge Street,
96-4007303,Boot,Filpi,Lomansey,Male,747-379-0376,blomanseye3@ucsd.edu,3845 Canary Junction,
08-2396819,Dulci,Gee,Truckett,Female,644-310-0163,dtruckette4@google.es,65891 Waxwing Crossing,97680
14-1263339,Matthiew,Signe,Watkinson,Male,822-166-2592,mwatkinsone5@icq.com,0 Manitowish Park,
55-5565542,Madeline,Tommasetti,Pilmore,Female,545-694-6168,mpilmoree6@jugem.jp,86279 Weeping Birch Junction,
05-5205981,Melisse,Abotson,Cownden,Female,971-598-5955,mcowndene7@homestead.com,55 Moland Lane,97540-000
91-1733640,Toma,Enders,Dunbabin,Female,326-180-7427,tdunbabine8@biglobe.ne.jp,30 Straubel Trail,4616
82-6481764,Bobbie,Arnal,Benzie,Female,628-865-8560,bbenziee9@tripod.com,14021 Graceland Center,8603
66-2516665,Munroe,Hawkin,Juschka,Male,253-186-6098,mjuschkaea@google.co.jp,7 1st Point,682400
28-7942534,Virginia,Brear,Barritt,Female,481-348-6001,vbarritteb@dyndns.org,71 Milwaukee Drive,9204
55-9321178,Koenraad,Hastin,Rainforth,Male,246-307-7327,krainforthec@vk.com,82141 Heath Way,
56-2508760,Trey,Burkill,Quinnelly,Male,999-508-9007,tquinnellyed@tinypic.com,570 Pawling Way,630511
47-2126863,Blair,Crosier,Pogg,Female,334-503-1739,bpoggee@sogou.com,28401 Stuart Way,69907 CEDEX 20
09-5060383,Anne-corinne,Scarlon,Drepp,Female,100-153-3204,adreppef@yellowpages.com,01235 Union Court,
39-1022862,Drugi,Djakovic,Dwelley,Male,936-482-7368,ddwelleyeg@moonfruit.com,5036 Spaight Hill,32-445
68-7887176,Willie,Rumble,Rieme,Male,328-139-7311,wriemeeh@reference.com,97705 Hallows Drive,2701
09-1880530,Lenora,Faragher,Whimper,Female,283-242-3202,lwhimperei@istockphoto.com,196 Riverside Hill,4005
07-7302855,Rosene,Curtin,Beves,Female,382-435-7284,rbevesej@bbb.org,6244 Vahlen Place,5120-165
84-3913414,Garald,O' Sullivan,Lydon,Male,258-357-1683,glydonek@amazon.co.jp,7825 Stoughton Drive,
20-1795792,Irv,Pellman,Bedwell,Male,752-428-8395,ibedwellel@va.gov,9087 Erie Junction,
22-8910339,Phineas,Caine,Downey,Male,250-988-2738,pdowneyem@fda.gov,8776 Dryden Park,
99-8863514,Tamma,Malling,Goodlip,Female,412-668-4186,tgoodlipen@addtoany.com,50862 West Street,725 91
90-4285927,Rosene,Dessaur,Choules,Female,751-328-9944,rchouleseo@nydailynews.com,8 Pennsylvania Plaza,
83-0708351,Eliot,Turnell,Oley,Male,880-946-7330,eoleyep@topsy.com,1 Karstens Plaza,851 72
29-4388353,Ermanno,Seedman,Kitchinghan,Male,243-227-5214,ekitchinghaneq@sfgate.com,64118 Messerschmidt Pass,
06-0804751,Ailbert,Pedwell,Grammer,Male,805-666-0862,agrammerer@sina.com.cn,306 Derek Park,692974
73-6653822,Lucas,Embery,Underhill,Male,577-290-8486,lunderhilles@about.com,018 Kensington Crossing,1117
54-0712253,Erna,Jewson,Walford,Female,215-239-3170,ewalfordet@hostgator.com,87 Mesta Junction,1253
07-8017049,Celine,Corish,Beale,Female,265-555-2815,cbealeeu@google.nl,043 Everett Crossing,89129
50-3911340,Karlyn,McGairl,Dinan,Female,569-464-4715,kdinanev@nsw.gov.au,47 Fair Oaks Plaza,
80-7773160,Drucie,Girdwood,Radden,Female,232-124-8679,draddenew@wix.com,2 Carioca Point,
90-1177709,Lissy,Doodney,MacTeggart,Female,285-447-4421,lmacteggartex@gizmodo.com,9 Clove Crossing,
86-4917929,Gale,Coggeshall,Skoof,Female,440-478-5071,gskoofey@weibo.com,1 Longview Place,
40-1202843,Colet,Olding,Cakebread,Male,914-806-2787,ccakebreadez@auda.org.au,55367 Graedel Street,
56-0240670,Niki,Ennever,Vivians,Male,448-780-5966,nviviansf0@netlog.com,977 Westend Junction,79370-000
39-3270281,Vivien,Frostdicke,Sherwen,Female,668-792-9199,vsherwenf1@typepad.com,13058 Surrey Hill,
65-6356958,Niccolo,Amberg,Mion,Male,939-491-7696,nmionf2@php.net,69 Straubel Parkway,
57-1396740,Graehme,Valerius,Massie,Male,685-161-3186,gmassief3@spotify.com,072 Lerdahl Way,
49-4381705,Ranee,Parysiak,Netherwood,Female,496-557-6352,rnetherwoodf4@deliciousdays.com,76 Weeping Birch Drive,
19-7965935,Nora,Ragate,Ashworth,Female,998-620-6689,nashworthf5@salon.com,24474 Emmet Parkway,4323
92-5319758,Maisie,Guido,Jenno,Female,804-114-7947,mjennof6@zdnet.com,31 Commercial Trail,
09-4195742,Nelle,Infantino,Oddy,Female,761-868-8883,noddyf7@lulu.com,14 Mcguire Pass,
72-8751461,Vivyan,Rosling,Hallgath,Female,518-510-1224,vhallgathf8@altervista.org,0302 Hudson Center,356020
80-8050664,Trixie,Deem,Scotford,Female,330-972-9701,tscotfordf9@github.io,136 Spohn Crossing,93742
96-1285782,Rebbecca,Wessel,Riquet,Female,704-521-6458,rriquetfa@cbc.ca,47 Bellgrove Junction,
82-0530963,Prudi,Kermott,Church,Female,492-493-1362,pchurchfb@cbslocal.com,66941 Schurz Center,241902
07-4440366,Arnuad,Crabbe,Sandell,Male,616-139-0183,asandellfc@jigsy.com,57362 Marcy Hill,12300-000
32-4488002,Kirstyn,Caulier,Donn,Female,841-767-4806,kdonnfd@smugmug.com,67207 Esch Terrace,387 73
31-6304605,Beale,Kaemena,Basson,Male,956-556-8242,bbassonfe@slate.com,9 Prairie Rose Way,
65-3486712,Lani,Haskew,Boerder,Female,516-258-8800,lboerderff@weibo.com,92344 Dryden Point,62-085
71-2207269,Bernie,Savins,Smallacombe,Female,859-105-3598,bsmallacombefg@nifty.com,8 Everett Lane,
17-8483688,Korey,Goaley,Acton,Male,533-964-4975,kactonfh@altervista.org,799 Victoria Park,
10-1942292,Isidor,Florey,Whyler,Male,994-647-7784,iwhylerfi@upenn.edu,2528 Larry Crossing,353389
23-0789875,Kahaleel,Legion,Taleworth,Male,723-754-9283,ktaleworthfj@photobucket.com,336 Fremont Hill,
94-9086126,Graham,Hann,Kauble,Male,565-545-9280,gkaublefk@hostgator.com,93 Cody Circle,
03-9904296,Olly,Poad,Jorio,Male,736-569-5354,ojoriofl@desdev.cn,28 Lakewood Pass,
30-9093254,Gav,Flaws,Rutherfoord,Male,810-442-1213,grutherfoordfm@fc2.com,036 Cardinal Street,88300
12-8600729,Lucais,Wheal,Bernardon,Male,920-682-3864,lbernardonfn@cocolog-nifty.com,5 Holy Cross Point,
70-9387474,Ewan,Jochens,Eberz,Male,303-854-3150,eeberzfo@networksolutions.com,461 Farwell Alley,437 92
28-0005423,Guntar,Parmeter,Klambt,Male,191-379-4357,gklambtfp@wikispaces.com,14 Norway Maple Plaza,
50-2666859,Adiana,Gaishson,Blunderfield,Female,316-362-7842,ablunderfieldfq@creativecommons.org,6476 Summit Street,75547 CEDEX 11
91-3161883,Genni,Ducrow,Summerscales,Female,394-812-3162,gsummerscalesfr@discovery.com,06 Sundown Park,
87-8228013,Mikkel,Spores,Pardue,Male,981-993-7348,mparduefs@alibaba.com,18075 Crownhardt Center,
16-0862013,Johannah,Van Dijk,Snodden,Female,165-346-1202,jsnoddenft@posterous.com,50739 Armistice Terrace,
39-6055077,Jeramie,Willshere,Weiser,Male,651-442-4508,jweiserfu@ebay.co.uk,9623 Pond Trail,
50-4306177,Sharai,Kenwood,Ilyukhov,Female,228-822-6686,silyukhovfv@dell.com,2021 Mayfield Lane,
95-2383699,Katleen,McDyer,Wheeler,Female,441-686-4307,kwheelerfw@vimeo.com,740 Kenwood Terrace,
19-5597543,Cirstoforo,Coade,Pesterfield,Male,434-883-7248,cpesterfieldfx@a8.net,430 7th Junction,46110
98-2659847,Emlen,Borrel,Sigmund,Male,262-792-6342,esigmundfy@wikispaces.com,18 Tony Park,53120
91-5681818,Abey,Bumford,Fisbburne,Male,771-897-1926,afisbburnefz@businessweek.com,9912 Harper Lane,2540-557
83-7730776,Dorie,Bucknall,Gannaway,Male,137-446-4574,dgannawayg0@yellowbook.com,270 Hallows Trail,
30-1436018,Dmitri,Constantine,Kilbey,Male,441-269-9050,dkilbeyg1@indiegogo.com,95951 Rusk Point,
17-4397580,Dalenna,Conibeer,Mallam,Female,170-619-8273,dmallamg2@sitemeter.com,57 Crescent Oaks Circle,05622
75-5074309,Bertie,De Wolfe,Whithorn,Female,394-160-9390,bwhithorng3@behance.net,5 Superior Place,747 44
47-9440449,Enoch,MacCheyne,Wallis,Male,555-320-7936,ewallisg4@buzzfeed.com,0973 Carioca Plaza,
07-6319207,Rodd,Matterdace,Surmeyers,Male,676-680-4132,rsurmeyersg5@xing.com,6 Weeping Birch Trail,75710
52-2164040,Otho,Dreghorn,Rosson,Male,329-835-2251,orossong6@devhub.com,5901 Luster Plaza,30430
18-4651419,Brockie,Barnwill,Bromage,Male,486-776-2364,bbromageg7@github.io,6833 Onsgard Court,
84-2390900,Sorcha,Rosenhaus,Postians,Female,962-516-5099,spostiansg8@jalbum.net,6 Prentice Circle,
70-8793624,Karlotte,Curedale,Congram,Female,607-615-9067,kcongramg9@facebook.com,21561 Sachtjen Park,58-130
24-5606072,Ninette,Goodanew,Skivington,Female,182-934-6816,nskivingtonga@samsung.com,24 Leroy Court,
75-5708962,Myrna,Menere,Burchess,Female,980-181-8534,mburchessgb@edublogs.org,5743 Thackeray Alley,
95-6885725,Sebastiano,Daye,Burnsall,Male,773-191-5749,sburnsallgc@yale.edu,5093 Esker Pass,
77-9881929,Ramsey,Stolle,McInility,Male,668-488-9348,rmcinilitygd@unblog.fr,99300 Lakewood Circle,
35-5201596,Graehme,Quesne,Ezzy,Male,599-842-3424,gezzyge@pcworld.com,435 Walton Court,441-3603
04-6819472,Charita,Grosvener,Toffano,Female,107-959-3716,ctoffanogf@newsvine.com,6 Arrowood Parkway,
87-6831729,Sal,Grayne,Witherop,Male,547-409-7844,switheropgg@tinypic.com,447 Weeping Birch Junction,
54-2000013,Melisse,Judgkins,Columbell,Female,312-265-6860,mcolumbellgh@spiegel.de,1 Amoth Street,56215-000
83-6230106,Mala,Cheine,Zimmerman,Female,178-369-4377,mzimmermangi@amazon.co.uk,92 Crownhardt Road,
21-6752322,Shoshanna,Claypole,Millen,Female,559-705-8123,smillengj@privacy.gov.au,63144 Luster Terrace,
52-0067497,Connor,Ostick,Verdy,Male,404-427-2866,cverdygk@cargocollective.com,79212 Mitchell Road,
72-3167023,Demetrius,Johnigan,O'Sharry,Male,793-241-4003,dosharrygl@hubpages.com,0 High Crossing Pass,
59-3849685,Keely,Koenraad,Creamen,Female,237-787-6722,kcreamengm@flickr.com,9126 Lunder Trail,999-7734
68-2041017,Baxter,Wilkenson,Mutlow,Male,140-491-0565,bmutlowgn@yale.edu,43 Ruskin Alley,
12-2099672,Tonnie,Solley,Coggins,Male,157-575-1412,tcogginsgo@nasa.gov,87 Orin Terrace,28904
89-3672521,Ashia,Pascow,Brimicombe,Female,883-331-5429,abrimicombegp@liveinternet.ru,8 Florence Lane,40160
23-1349636,Marietta,Berrie,Soldi,Male,658-571-2255,msoldigq@fema.gov,80877 Shasta Junction,
29-5318954,Bastian,Lowfill,Belsham,Male,976-835-7386,bbelshamgr@mlb.com,9 Hanson Court,
67-3162929,Hetty,Perryn,Conrad,Female,404-147-1788,hconradgs@guardian.co.uk,6265 Prairie Rose Street,
68-9534392,Tandie,Bassingden,Hatchman,Female,900-956-3066,thatchmangt@hexun.com,5 Bay Street,
84-4435300,Derward,Brittan,Denyer,Male,733-807-5113,ddenyergu@seesaa.net,000 Autumn Leaf Hill,2420-055
30-5044146,Huntley,Retter,Antoshin,Male,374-409-8489,hantoshingv@soundcloud.com,10757 Brown Road,
72-3111256,Letisha,Manklow,Stealfox,Female,685-825-9067,lstealfoxgw@marketwatch.com,7 Service Plaza,
95-0755205,Ezri,Bloggett,Nance,Male,404-468-9046,enancegx@engadget.com,955 Hermina Hill,3680-077
44-6009174,Vally,Bisseker,Crossgrove,Female,176-950-0780,vcrossgrovegy@va.gov,4433 Reindahl Street,
81-3525541,Shawn,Pedersen,Armiger,Male,150-700-7842,sarmigergz@quantcast.com,5 Barnett Lane,
45-4229881,Julie,Behninck,Dwight,Male,752-719-9483,jdwighth0@ted.com,3553 Saint Paul Court,35620-000
34-1650109,Paolina,Armatidge,Hallowes,Female,583-480-5986,phallowesh1@printfriendly.com,2791 Glacier Hill Park,
76-4222899,Ursola,D'Antoni,Darragon,Female,604-238-0751,udarragonh2@arstechnica.com,985 Marcy Drive,816-0097
24-3941066,Corbet,Baglow,Vandenhoff,Male,855-697-5387,cvandenhoffh3@gov.uk,56429 Union Center,382 43
75-1433277,John,Gallehock,Whorf,Male,204-425-7748,jwhorfh4@google.it,021 Nevada Hill,
41-6360381,Ring,Volke,Hollyard,Male,570-604-2158,rhollyardh5@sciencedaily.com,41 Mandrake Road,444018
00-0931009,Cully,Eaden,Thurnham,Male,297-240-3062,cthurnhamh6@usda.gov,710 Mesta Pass,
38-5253932,Denna,Hamblyn,Leechman,Female,452-950-4218,dleechmanh7@whitehouse.gov,18 Crownhardt Center,216210
25-3704550,Wilbur,Meriott,Morena,Male,376-569-3947,wmorenah8@tripadvisor.com,7631 Grim Park,
81-6129741,Kris,Dalgarno,Langfat,Male,928-169-7914,klangfath9@slate.com,8755 Acker Park,
21-1301525,Taylor,Knewstubb,Kilmurray,Male,499-808-1214,tkilmurrayha@thetimes.co.uk,8712 Hagan Street,842 93
37-3228826,Greer,Farmar,Osgardby,Female,342-275-4007,gosgardbyhb@ask.com,98482 Hanover Street,
38-3812151,Caron,Grichukhin,Jorcke,Female,350-257-0464,cjorckehc@themeforest.net,307 Esch Crossing,
73-6238668,Carce,Gorvette,Hourigan,Male,490-851-8320,chouriganhd@cbslocal.com,2474 Judy Street,
81-2355654,Patsy,Pellatt,Pamment,Female,884-242-1158,ppammenthe@auda.org.au,6957 Continental Junction,00-458
65-1029310,Fredericka,Bunten,Liverock,Female,630-712-0370,fliverockhf@zdnet.com,64619 Victoria Pass,
77-4114564,Ty,Labrum,Urwin,Male,531-314-2946,turwinhg@parallels.com,175 Barby Circle,
18-1292131,Randi,Craker,Jordanson,Female,503-927-2666,rjordansonhh@illinois.edu,50726 Shoshone Alley,
84-7922458,Hamil,Davison,Ibanez,Male,582-712-9573,hibanezhi@usa.gov,56230 Upham Avenue,
07-6151907,Eamon,Lodeke,Waugh,Male,847-929-1930,ewaughhj@imgur.com,97 Eastwood Drive,
06-2166597,Rosita,Tenwick,Skerman,Female,549-297-9715,rskermanhk@is.gd,1 Goodland Hill,
38-8869604,Neysa,Poulsum,Tuma,Female,596-411-3347,ntumahl@merriam-webster.com,68864 Esker Way,691 21
73-7911227,Mikol,Ewles,Winks,Male,785-125-8793,mwinkshm@tinypic.com,3346 Manitowish Center,
09-2090976,Eleanor,Trewhela,Farris,Female,628-306-6203,efarrishn@amazon.com,681 Nelson Park,198804
92-6892228,Kendal,Manton,Deaves,Male,302-415-1421,kdeavesho@elpais.com,34938 Glendale Lane,
26-0058272,Don,Coskerry,Binge,Male,444-763-2270,dbingehp@noaa.gov,040 Troy Hill,3700-732
03-2422262,Gerry,Wetwood,Gallager,Female,571-480-8847,ggallagerhq@com.com,22 Sachs Terrace,20189
68-1792132,Dorry,Assiratti,Bevington,Female,285-220-1637,dbevingtonhr@hexun.com,6183 Toban Court,12-230
37-7309385,Geordie,Hexum,Marlin,Male,503-534-8465,gmarlinhs@fastcompany.com,145 Algoma Avenue,
54-8407191,Raquel,Sussex,Molloy,Female,670-276-7407,rmolloyht@ucoz.com,532 Warrior Crossing,
52-8493320,Dix,Tomasik,Tuppeny,Female,728-338-9422,dtuppenyhu@boston.com,40063 Dottie Park,
03-3248235,Les,Sign,Hulburt,Male,859-584-8336,lhulburthv@timesonline.co.uk,4 Luster Plaza,3601
79-7656334,Elwood,Arnet,Giggs,Male,991-369-5396,egiggshw@rambler.ru,3542 Sloan Way,36750
37-2188522,Edmund,Kalewe,Malcher,Male,205-323-5346,emalcherhx@hostgator.com,41925 Grim Road,
90-3625210,Billi,Pawlick,Weatherall,Female,993-686-6310,bweatherallhy@hugedomains.com,72 Troy Way,
56-2396009,Carlita,Wikey,Dring,Female,960-863-0750,cdringhz@nba.com,7 Bayside Place,
54-7302443,Deane,Overbury,McGown,Female,662-294-1378,dmcgowni0@naver.com,699 Warrior Place,31803
72-7178297,Garvin,Flinders,McGibbon,Male,581-788-5027,gmcgibboni1@ed.gov,9 Claremont Lane,
99-8510665,Cacilie,Sautter,McNess,Female,897-429-0477,cmcnessi2@yolasite.com,0 Graedel Place,
21-0399116,Biddie,Dorgan,Currao,Female,268-228-0183,bcurraoi3@cornell.edu,54 Old Shore Trail,252257
29-5549810,Florri,Dowling,Giacubo,Female,200-742-6470,fgiacuboi4@army.mil,98183 Oak Alley,
04-5690895,Sidnee,Geraldini,Youle,Male,953-872-2658,syoulei5@adobe.com,61410 Bartillon Circle,
81-2895446,Leonelle,Pottes,Harce,Female,186-277-5629,lharcei6@de.vu,3354 Autumn Leaf Trail,
26-9354369,Stirling,Eymer,Geistbeck,Male,667-723-5270,sgeistbecki7@goodreads.com,931 Melby Trail,611 24
84-9923831,Franni,Gypson,Hardman,Female,285-753-0572,fhardmani8@stumbleupon.com,43 Granby Trail,
13-8356551,Farand,Dullingham,Guage,Female,942-469-4053,fguagei9@about.me,9 Prairie Rose Pass,
44-4167712,Johny,Petheridge,Piatkowski,Male,918-395-2967,jpiatkowskiia@cnet.com,62565 Nancy Center,74108
39-4306057,Giorgi,Pinckney,Camilio,Male,837-450-0901,gcamilioib@spotify.com,72 American Pass,242 35
17-3137111,Ainsley,Parsley,Trouel,Female,189-737-3148,atrouelic@webs.com,63473 Golden Leaf Street,3453
30-3174769,Abbi,Rosewall,Skuce,Female,993-341-9331,askuceid@about.me,22 Welch Drive,5004
22-3724347,Juieta,Giurio,Stilgo,Female,579-226-8243,jstilgoie@mit.edu,96 Oak Valley Place,
43-6471118,Malanie,Enders,Konerding,Female,249-783-8600,mkonerdingif@addthis.com,178 Buhler Junction,700-0046
93-3470787,Jenda,Micklem,Ende,Female,247-877-0750,jendeig@usnews.com,65842 Dawn Court,1413
82-8690821,Gaynor,Elcum,Graeber,Female,541-524-2928,ggraeberih@wordpress.com,07 Park Meadow Place,
36-8612912,Gwenore,Sentance,Ohlsen,Female,668-761-0018,gohlsenii@europa.eu,57311 Meadow Ridge Parkway,
61-6347289,Bonnibelle,Janse,Cason,Female,189-649-4139,bcasonij@blinklist.com,88 Charing Cross Plaza,
98-8774751,Gerard,Tillard,Deners,Male,411-716-4534,gdenersik@mediafire.com,2 Buell Drive,59009
69-6712575,Ynes,O' Borne,Cayle,Female,157-813-2512,ycayleil@yolasite.com,466 Bellgrove Court,
61-3597803,Brigg,De Fraine,Summerell,Male,646-192-7689,bsummerellim@craigslist.org,92709 Roxbury Parkway,
29-9492024,Renell,Hubeaux,Ions,Female,378-176-2916,rionsin@princeton.edu,87520 Fairview Avenue,
13-2790009,Mei,Oxberry,Behninck,Female,359-860-4820,mbehninckio@slideshare.net,2983 Kinsman Trail,665220
28-6846600,Loria,Carl,Siegertsz,Female,409-122-7768,lsiegertszip@mashable.com,633 Upham Park,
70-3153870,Theodoric,Vaughten,Haythorne,Male,511-319-6986,thaythorneiq@last.fm,048 Dottie Trail,
29-6596805,Eleanore,Edel,Rean,Female,784-539-3875,ereanir@theglobeandmail.com,35 Vernon Alley,
07-4787316,Nedda,Tunno,Skelding,Female,141-333-2600,nskeldingis@arizona.edu,571 Cardinal Court,232059
59-4208116,Kassey,Farleigh,Abbet,Female,642-475-8083,kabbetit@meetup.com,7 Gateway Way,
09-6246488,Clevey,Gosnoll,Garthland,Male,120-960-6459,cgarthlandiu@usatoday.com,504 Carberry Park,215662
22-9402183,Lisetta,Cratere,Halsey,Female,624-611-2535,lhalseyiv@shareasale.com,54753 Burrows Crossing,793 05
39-7656303,Barnabe,Lowmass,Slater,Male,105-468-2356,bslateriw@t.co,18394 Trailsway Drive,
57-8995544,Asher,Yoakley,Swabey,Male,416-274-6795,aswabeyix@twitter.com,369 Farragut Lane,
59-2878049,Noni,Ovendon,Minor,Female,211-523-5975,nminoriy@wikia.com,782 Northridge Hill,
11-3645477,Ediva,Hartzenberg,Morrieson,Female,104-896-5822,emorriesoniz@tuttocitta.it,46 Kedzie Point,36-212
45-1730724,Zia,Innerstone,Keyser,Female,894-221-2443,zkeyserj0@topsy.com,699 Farwell Hill,6185-175
49-0898641,Jessika,Covendon,Scraggs,Female,195-721-6823,jscraggsj1@java.com,20 Pankratz Junction,2432
43-1498019,Gabi,Worral,Lipsett,Male,144-943-3525,glipsettj2@spotify.com,36 Sunbrook Center,6109
59-7199705,Corie,Jouhning,Rawe,Female,980-334-3561,crawej3@irs.gov,97 Corben Alley,6417
87-6126236,Damien,Castanone,Heams,Male,614-935-0533,dheamsj4@posterous.com,11 Sutherland Way,11950-000
08-5552419,Woodrow,Wallege,Castro,Male,500-163-9730,wcastroj5@upenn.edu,6 Marcy Way,
49-2441522,Luciana,Trehearn,Rochewell,Female,107-204-1364,lrochewellj6@w3.org,18871 Artisan Pass,
98-3015213,Dallas,Ingyon,Caines,Male,246-514-1174,dcainesj7@xrea.com,3 Eastlawn Center,
05-3159182,Rancell,Tribble,Loftin,Male,696-260-1700,rloftinj8@about.com,82503 Roxbury Terrace,
94-5487356,Bertie,Tovey,Semarke,Male,812-670-1667,bsemarkej9@blog.com,1137 Duke Place,
04-9266738,Tulley,Gartery,Bonefant,Male,927-781-5755,tbonefantja@opensource.org,82081 Susan Place,
96-4240059,Stanislaus,Martlew,Carreyette,Male,478-362-3909,scarreyettejb@google.it,038 Northport Park,369-1201
97-5664302,Port,Piggins,Test,Male,664-120-1581,ptestjc@over-blog.com,45 Elgar Crossing,9754
68-0408879,Towney,Jermyn,Skipworth,Male,262-309-6925,tskipworthjd@google.it,860 Kipling Trail,
63-4296079,Michael,Gradley,Jessett,Male,500-264-5845,mjessettje@furl.net,220 Prairieview Drive,4650-530
65-7405210,Winnie,Choppin,Casley,Female,128-378-1985,wcasleyjf@washington.edu,77188 Northport Terrace,
83-0196947,Aveline,Casella,Berryann,Female,622-486-4841,aberryannjg@reuters.com,7518 Iowa Circle,24212 CEDEX
07-4370413,Standford,Eddoes,Keune,Male,793-325-6628,skeunejh@tripadvisor.com,831 Doe Crossing Terrace,
66-0959093,Phyllis,Bahlmann,McGilleghole,Female,971-289-5118,pmcgillegholeji@csmonitor.com,29675 Dixon Way,
55-0862340,Avis,Birdall,Eastwood,Female,431-272-2998,aeastwoodjj@bigcartel.com,4840 Leroy Center,
48-7326006,Lucky,Vanini,Elward,Female,341-700-0092,lelwardjk@liveinternet.ru,20 Lawn Crossing,453019
76-5977768,Elihu,Milburn,Rendle,Male,167-197-0647,erendlejl@biblegateway.com,46997 Messerschmidt Parkway,
43-6663467,Rebecca,Sebrens,Andriveaux,Female,661-171-5420,randriveauxjm@i2i.jp,68064 Crescent Oaks Parkway,93305
94-2364659,Sindee,Pirkis,Alfonsetto,Female,997-909-6576,salfonsettojn@virginia.edu,927 Forest Terrace,
54-9252489,Milena,Savidge,Sugg,Female,900-928-9590,msuggjo@sohu.com,758 Everett Circle,
43-0534551,Karena,Housiaux,Coe,Female,217-409-1536,kcoejp@uiuc.edu,08 Lawn Park,
06-5882805,Wallache,Kaasmann,Glisenan,Male,303-734-0843,wglisenanjq@webnode.com,926 Fuller Avenue,10009
09-7540704,Sascha,Keough,Burgot,Male,438-379-5702,sburgotjr@virginia.edu,903 Blaine Drive,2709
09-8627833,Sauveur,Cribbin,Bawcock,Male,676-385-4740,sbawcockjs@ocn.ne.jp,6 Ryan Circle,801 38
73-0696107,Verene,Daintrey,Aharoni,Female,449-254-0002,vaharonijt@cyberchimps.com,432 Lakeland Circle,
84-8702733,Quinton,Wetherell,McEvay,Male,377-224-5215,qmcevayju@chron.com,433 Portage Center,3114
91-6735403,Riley,Padly,Capron,Male,515-982-9774,rcapronjv@pagesperso-orange.fr,84 Vera Pass,
21-3397380,Dannel,Canero,Claye,Male,594-838-7884,dclayejw@bbc.co.uk,400 Scott Court,31761
33-2196903,Errick,Cary,Ratchford,Male,592-998-0749,eratchfordjx@twitpic.com,49460 Old Shore Terrace,54529 CEDEX
94-4037197,Kareem,Yakovich,Merrywether,Male,518-986-9154,kmerrywetherjy@paginegialle.it,092 Sunbrook Terrace,
79-7158103,Warren,Slaten,Mell,Male,679-213-9020,wmelljz@google.fr,358 Buena Vista Road,38180-000
70-7161137,Henrieta,Aery,Goodbairn,Female,997-518-7353,hgoodbairnk0@photobucket.com,367 Mallory Drive,6414
52-7421903,Mannie,Moggach,Lambden,Male,453-895-2971,mlambdenk1@cdbaby.com,1 Chinook Point,75853 CEDEX 17
49-7936504,Filbert,Gwyther,Aldritt,Male,525-321-8459,faldrittk2@ca.gov,39967 Kipling Trail,
13-2510063,Amelita,Segrott,Bernardoux,Female,847-973-7675,abernardouxk3@spiegel.de,50 Arkansas Junction,
81-9202417,Aldis,Pendleberry,Craster,Male,657-417-4029,acrasterk4@sina.com.cn,558 Farragut Plaza,2624
93-0529540,Jannelle,Stirley,Crome,Female,644-829-4925,jcromek5@msu.edu,874 Sunnyside Crossing,
47-1238432,Kara,Guile,Jaslem,Female,732-464-7717,kjaslemk6@cdbaby.com,9135 Lerdahl Junction,
13-5710975,Andris,Tydeman,Vyse,Male,218-123-5318,avysek7@alexa.com,92250 Cascade Crossing,
09-5332373,Fayth,Davidovics,Lindenberg,Female,477-563-7923,flindenbergk8@comcast.net,4 Bellgrove Terrace,2436
10-4917539,Daniel,Routhorn,Sutterfield,Male,406-241-1927,dsutterfieldk9@surveymonkey.com,6220 Eggendart Street,67214 CEDEX
91-1137466,Stefa,Le Provost,Mahody,Female,834-613-9502,smahodyka@goo.ne.jp,31541 Lunder Terrace,
27-0730724,Joleen,MacCome,Lefever,Female,368-124-5602,jlefeverkb@list-manage.com,89 Di Loreto Court,682860
09-3393981,Connor,Gwillyam,Fotheringham,Male,460-710-1425,cfotheringhamkc@geocities.com,4 Rusk Trail,3600
62-5705527,Sigismundo,Dinsdale,Masseo,Male,600-947-6256,smasseokd@devhub.com,82 Holy Cross Terrace,
90-0077369,Alix,Raffin,Hartness,Male,282-757-1422,ahartnesske@mtv.com,81 Rieder Point,
92-3950195,Zara,Matokhnin,Venn,Female,810-338-4542,zvennkf@printfriendly.com,89 Blue Bill Park Avenue,6715
68-6843533,Grannie,Hulett,Harradence,Male,585-647-2733,gharradencekg@microsoft.com,2 Pond Plaza,
01-4437314,Wendye,Brandrick,Whiskerd,Female,465-158-3241,wwhiskerdkh@usatoday.com,0 Dexter Way,666217
99-0686267,Sorcha,Stiller,Phippen,Female,522-685-9586,sphippenki@china.com.cn,952 Basil Plaza,65022 CEDEX 9
60-7603446,Ogdan,Ginnally,Harriday,Male,226-982-5114,oharridaykj@time.com,87 Valley Edge Road,
61-0839454,Alfredo,Kelwaybamber,Postgate,Male,404-564-7838,apostgatekk@columbia.edu,81 Morningstar Trail,
99-9629903,Waring,Ellwood,Kenwrick,Male,791-993-3418,wkenwrickkl@4shared.com,1202 Coleman Pass,238703
21-7980880,Jareb,Straffon,Mapston,Male,688-966-8470,jmapstonkm@acquirethisname.com,8645 Northridge Avenue,98700-000
62-3750333,Clementius,Kemster,Reade,Male,509-793-0076,creadekn@printfriendly.com,67 Roth Terrace,
41-5284063,Dulcy,Moorcroft,Mapholm,Female,754-898-3220,dmapholmko@mapy.cz,547 Algoma Center,
56-2878025,Inger,Ahrendsen,Ferrier,Female,621-195-0598,iferrierkp@over-blog.com,95 Roth Parkway,4625-619
14-4455070,Corty,Bonnick,Jillings,Male,688-177-1804,cjillingskq@uiuc.edu,8098 Pepper Wood Road,
50-0317242,Cecilla,MacAnelley,Grushin,Female,289-681-0281,cgrushinkr@columbia.edu,95 Esker Road,6330
19-7742252,Jennica,Veare,Verbeke,Female,632-764-6831,jverbekeks@mapy.cz,88 Red Cloud Lane,4960-468
66-3482854,Sherri,Loughan,Hughland,Female,695-818-5225,shughlandkt@pinterest.com,45 Summit Trail,
10-7830694,Carlee,Burnip,Rizzo,Female,308-720-7703,crizzoku@sun.com,3 Kropf Park,
89-9741853,Ainslee,Chitter,Elfe,Female,797-480-6425,aelfekv@diigo.com,01439 Nevada Road,3361
14-6074746,Farrel,Petlyura,Benwell,Male,580-328-2173,fbenwellkw@va.gov,79 Upham Lane,39029 CEDEX
51-2750713,Corbet,Heppner,Tregenza,Male,247-828-1030,ctregenzakx@clickbank.net,6849 Heffernan Street,62-230
65-7535207,Lewiss,Ricks,Skipper,Male,821-755-9475,lskipperky@ihg.com,1 Texas Circle,
10-5293090,Angelia,Guage,Kalkofer,Female,220-699-4537,akalkoferkz@mlb.com,744 Mcbride Parkway,1384
68-3240190,Doro,De Cruce,Burns,Female,280-334-7827,dburnsl0@theatlantic.com,2006 Heffernan Parkway,
38-9601303,Cam,Coghlan,Pidgen,Male,194-620-0489,cpidgenl1@aboutads.info,398 Elka Place,
91-0523085,Lyell,Benger,Florey,Male,642-335-7713,lfloreyl2@wikia.com,0 Bellgrove Street,601120
91-0337644,Rafi,Fairbard,Skinn,Male,587-269-1258,rskinnl3@blogs.com,5873 Mandrake Parkway,352808
57-0256105,Marsha,Hanscomb,Phlippsen,Female,895-277-3682,mphlippsenl4@phpbb.com,76956 Parkside Court,
13-5095883,Joleen,Margach,Flatt,Female,612-772-7079,jflattl5@biglobe.ne.jp,08 Merrick Road,55446
63-0928522,Karlee,Babalola,Keneforde,Female,903-744-2394,kkenefordel6@arizona.edu,9443 Anthes Court,
32-0816552,Lilllie,Miquelet,Cleveley,Female,319-544-6523,lcleveleyl7@fotki.com,3119 Rieder Parkway,79404 CEDEX
90-1944376,Mordecai,Hubatsch,Wrightson,Male,239-439-9353,mwrightsonl8@posterous.com,13 Norway Maple Lane,2706
91-6487673,Ashlan,McGennis,Managh,Female,449-565-6136,amanaghl9@dmoz.org,62 Evergreen Hill,
52-0116179,Felecia,Paulino,Dumphy,Female,566-309-1856,fdumphyla@liveinternet.ru,4 Kings Circle,42014 CEDEX 2
11-4985746,Nicolle,Alleyn,Scamerdine,Female,400-564-5930,nscamerdinelb@merriam-webster.com,43 Dahle Center,3303
26-8720671,Stanford,Cainey,McCawley,Male,710-298-6468,smccawleylc@e-recht24.de,6448 Bayside Court,
73-9666154,Selene,O'Hoey,Nudd,Female,169-820-9336,snuddld@webeden.co.uk,68 Forster Alley,403115
42-4856313,Elga,Everley,Laste,Female,469-642-5182,elastele@reddit.com,524 Old Gate Trail,62010 CEDEX
44-7933890,Amandi,Coddington,Lashley,Female,406-833-8702,alashleylf@booking.com,07 Talmadge Pass,
18-1727294,Elisha,Sawyer,Mapstone,Male,315-926-7623,emapstonelg@google.nl,31 Debs Hill,612500
94-3859487,Gabey,Dodsley,Alloway,Female,544-912-5352,gallowaylh@paginegialle.it,6 Nova Avenue,
61-6441326,Leupold,Easterling,Muckley,Male,223-692-7080,lmuckleyli@ocn.ne.jp,0 Lunder Lane,V7W
78-0901465,Wat,Caldwell,Hook,Male,955-728-8617,whooklj@state.tx.us,50 Bluestem Plaza,
59-0627984,Moshe,Enden,Hunston,Male,745-613-4818,mhunstonlk@timesonline.co.uk,00 Mallory Road,2316
23-8034160,Demetre,Stanier,Boken,Male,502-641-1638,dbokenll@latimes.com,0 Fairview Park,
30-4882128,Nessie,Baniard,Filimore,Female,116-890-6932,nfilimorelm@addthis.com,1245 Corry Alley,
59-1832947,Aubrey,Waddy,McIlraith,Female,972-138-4660,amcilraithln@e-recht24.de,7 Hauk Drive,49218
99-5438778,Kennith,Look,Britee,Male,190-608-6000,kbriteelo@wiley.com,3 Garrison Crossing,
38-5406243,Diahann,Muckian,Chessell,Female,525-699-2655,dchesselllp@huffingtonpost.com,1 Waubesa Junction,
47-5168065,Arlie,Wind,Sauven,Female,933-381-7092,asauvenlq@examiner.com,2 Orin Circle,
40-4162019,Kerrie,Agglio,Chattoe,Female,826-723-4204,kchattoelr@engadget.com,2231 Loeprich Pass,4508
21-8270280,Cornie,Chasson,Eveque,Male,624-247-0516,cevequels@mozilla.com,8156 Jenifer Center,
22-2343791,Cati,Wilcott,Wolffers,Female,827-603-0059,cwolfferslt@va.gov,368 Atwood Court,
68-9517194,Immanuel,Krolik,Tume,Male,206-200-3864,itumelu@indiatimes.com,63004 Grasskamp Pass,3660-410
84-8263094,Marcelline,Gwinnett,Rofe,Female,419-902-4505,mrofelv@goo.gl,2111 Buell Terrace,591 46
38-5196594,Neddy,Davidofski,Pitkaithly,Male,318-568-0551,npitkaithlylw@mediafire.com,82 Trailsway Road,33410
19-3232648,Patrice,Dake,Cruttenden,Male,608-514-3748,pcruttendenlx@goo.ne.jp,0602 Ruskin Pass,
02-6217529,Dorey,Patrie,Tillyer,Female,910-487-6948,dtillyerly@columbia.edu,2 Florence Plaza,472028
06-6996845,Orson,Deboick,Milch,Male,293-415-0538,omilchlz@xinhuanet.com,0354 Forster Trail,
66-5852056,Virginia,Havoc,Prazor,Female,225-640-6058,vprazorm0@chicagotribune.com,63 Dixon Pass,
64-4181876,Gauthier,Tudor,Hardy,Male,785-893-3297,ghardym1@patch.com,205 Elgar Place,66617
88-6683428,Kalli,Ector,Obee,Female,956-213-2266,kobeem2@booking.com,198 Old Gate Street,646780
00-0673212,Car,Wesgate,Fellgett,Male,407-630-6488,cfellgettm3@samsung.com,84 8th Court,
82-0122391,Sancho,Goulston,Rebeiro,Male,812-747-5892,srebeirom4@hibu.com,43795 Butterfield Plaza,08600-000
01-5494868,Kim,Charrett,Shills,Female,771-368-8051,kshillsm5@rakuten.co.jp,206 Grover Center,6122
89-2409424,Walther,Formoy,Crowdy,Male,934-195-8852,wcrowdym6@hubpages.com,5 Garrison Park,76-153
84-6388934,Wilmer,Everson,Bellows,Male,667-997-9715,wbellowsm7@sohu.com,513 Dottie Place,584-0024
16-6010499,Willdon,Kumar,Letchford,Male,101-116-4789,wletchfordm8@imgur.com,623 Carey Hill,43-378
52-8295891,Ralf,Haggerwood,Quartley,Male,250-479-1094,rquartleym9@opensource.org,6966 Welch Street,9231
02-3895655,Fidela,Rous,Boyington,Female,209-588-0906,fboyingtonma@drupal.org,376 Heffernan Crossing,4602
15-8878169,Demetris,Badham,Rodger,Male,460-773-9373,drodgermb@nymag.com,69132 Buhler Lane,4690-711
18-5730854,Millard,Gatcliff,Ramalho,Male,115-106-9527,mramalhomc@ow.ly,04 Hansons Hill,460056
45-1960025,Vivyan,Southall,Sim,Female,208-865-4168,vsimmd@eepurl.com,3001 Burrows Place,
44-5451477,Ellsworth,Toghill,Brodest,Male,499-605-5632,ebrodestme@ezinearticles.com,000 Commercial Street,
41-8928662,Fernandina,Filipchikov,Cornfield,Female,633-172-5069,fcornfieldmf@java.com,3659 Continental Lane,2109
64-4982338,Alvie,Stuchberry,Brettle,Male,925-146-0477,abrettlemg@prlog.org,0 Weeping Birch Crossing,20576
89-7707566,Law,Keers,MacKegg,Male,518-767-3388,lmackeggmh@people.com.cn,77802 Dryden Lane,
97-1038291,Georgena,Tebbitt,MacCoveney,Female,170-440-0378,gmaccoveneymi@webeden.co.uk,45 Lakewood Circle,
54-2279969,Lucho,Piggen,Grimditch,Male,284-262-4567,lgrimditchmj@flavors.me,7379 Valley Edge Circle,
24-3991171,Alessandra,Mebius,McCurtain,Female,210-457-0818,amccurtainmk@newyorker.com,4090 Glendale Circle,642 24
98-4546869,Shelby,Crust,O'Dougherty,Female,355-946-9307,sodoughertyml@nifty.com,40 Oakridge Lane,
66-0086962,Dorian,Fernan,Petzolt,Female,571-446-1803,dpetzoltmm@eepurl.com,37580 Badeau Hill,765 02
56-8126207,Jaimie,Howsley,Zapater,Female,102-999-0842,jzapatermn@twitpic.com,57075 Clarendon Terrace,394 68
03-0597080,Gilles,Dumblton,Duddan,Male,251-449-3218,gduddanmo@addthis.com,169 Bultman Plaza,
31-6807863,Florencia,Ashington,Oldfield,Female,350-673-1176,foldfieldmp@bigcartel.com,6529 Walton Trail,95-001
11-6663683,Oberon,Simmonite,Delatour,Male,148-145-9124,odelatourmq@microsoft.com,745 Hagan Way,
84-1487525,Georgiana,Sivil,Mewes,Female,101-325-7692,gmewesmr@gov.uk,83378 Onsgard Trail,
42-5252355,Audi,Munford,Tantrum,Female,975-954-2534,atantrumms@tumblr.com,980 Pepper Wood Center,999-7681
52-1291461,Ladonna,Clarage,Marchi,Female,489-875-9848,lmarchimt@disqus.com,6 Old Gate Pass,80804
97-9107690,Mill,Brushfield,Beringer,Male,569-999-7977,mberingermu@narod.ru,5367 Knutson Lane,
48-9226443,Gery,Kliemchen,Bellord,Male,347-660-6171,gbellordmv@timesonline.co.uk,3 Raven Avenue,617010
07-4127361,Meade,Puttock,Shimwall,Male,289-219-3841,mshimwallmw@telegraph.co.uk,66 Summerview Circle,14940-000
80-4166023,Joli,Jenken,Chittenden,Female,289-893-7158,jchittendenmx@toplist.cz,2 Hermina Drive,
78-4765210,Nolie,Ivashkin,Gaddesby,Female,457-526-5899,ngaddesbymy@ehow.com,65222 Montana Trail,1114
51-0845819,Seana,Bocking,Sherel,Female,720-290-9898,ssherelmz@delicious.com,7 Thackeray Street,
44-5892180,Trula,Conaboy,Sparshatt,Female,508-222-1374,tsparshattn0@scribd.com,64704 Hanson Terrace,77484 CEDEX
49-7755280,Frayda,Suffe,Skipperbottom,Female,747-208-2021,fskipperbottomn1@seesaa.net,004 David Circle,851 72
33-4559969,Drugi,Medcalf,Seaborne,Male,379-626-2083,dseabornen2@flavors.me,37 Merrick Terrace,7042
85-3155791,Iggie,Iori,Darton,Male,218-154-6349,idartonn3@ustream.tv,43 Morningstar Lane,692089
98-5482620,Tedman,Shrimplin,Gonzalvo,Male,495-816-4668,tgonzalvon4@google.pl,724 Barnett Circle,25130
08-1726596,Betteann,Lennarde,Duberry,Female,671-417-4658,bduberryn5@wikipedia.org,91 Novick Lane,
10-0511664,Isabel,Sperwell,Klein,Female,441-620-8568,ikleinn6@smh.com.au,5431 Warner Street,665911
77-0175232,Tadeo,De Cleyne,Durham,Male,717-547-7948,tdurhamn7@gmpg.org,4767 Bluestem Road,
52-8519688,Eddi,Wickmann,Ridesdale,Female,762-909-4447,eridesdalen8@pcworld.com,0 Meadow Ridge Center,
34-5186060,Whitney,Whittier,Pringell,Female,759-248-2901,wpringelln9@utexas.edu,6966 Eagle Crest Alley,
06-8790605,Niko,Totman,O' Meara,Male,407-975-9231,nomearana@cbc.ca,6 Loomis Point,32868
90-0784091,Randi,Jeppensen,Reitenbach,Female,425-846-5327,rreitenbachnb@tamu.edu,858 Springs Way,985-0862
32-8294758,Carr,Eighteen,Stockdale,Male,573-419-8711,cstockdalenc@webeden.co.uk,01 Delladonna Circle,T1K
84-4857624,Lenard,de Courcey,Borrill,Male,722-681-9330,lborrillnd@mashable.com,2 East Circle,26-807
59-0851175,Sherwin,Bulfit,Godlonton,Male,962-748-3497,sgodlontonne@w3.org,779 Trailsway Way,675 51
74-8254240,Malynda,Talmadge,Orrell,Female,793-206-1019,morrellnf@gov.uk,39 Muir Hill,452696
84-6259629,Lazarus,Kastel,Frammingham,Male,221-431-8644,lframminghamng@blogtalkradio.com,074 Washington Road,
90-1400063,Dru,Asals,Jurczak,Female,267-534-1615,djurczaknh@sun.com,17738 Center Park,352840
96-2478645,Murdoch,Eat,Krauss,Male,117-233-3890,mkraussni@purevolume.com,01 Morning Circle,
50-5079443,Herc,Haggas,Collete,Male,381-835-5823,hcolletenj@buzzfeed.com,6606 Transport Street,45922 CEDEX 9
90-2263275,Ambur,Royste,Piatek,Female,572-498-0705,apiateknk@sciencedaily.com,9 Golf View Circle,2304
74-2248977,Nickola,Wensley,Calbreath,Male,602-104-8585,ncalbreathnl@bloglovin.com,96868 Northview Hill,78820-000
76-3681379,Wilt,Baughen,Arnholz,Male,120-289-2855,warnholznm@dot.gov,6 Mendota Circle,452242
86-0603772,Salvador,Mungan,Prendeville,Male,551-783-0989,sprendevillenn@statcounter.com,73733 Linden Parkway,07004 CEDEX
43-1832297,Quintus,O'Kennedy,Baldazzi,Male,210-741-2538,qbaldazzino@hhs.gov,3132 Melvin Trail,25600-000
36-6273661,Marcelia,Abbe,Foxen,Female,350-367-7650,mfoxennp@cam.ac.uk,5 Westridge Plaza,82-420
34-1671532,Florance,Showers,Horsted,Female,546-615-7261,fhorstednq@yale.edu,615 Lakeland Junction,2733
24-1159025,Elane,Jenkins,Rucklidge,Female,562-728-1550,erucklidgenr@omniture.com,4 Hanson Center,369227
48-2514699,Jenine,Brimmell,Guild,Female,763-119-5406,jguildns@indiatimes.com,47 Spohn Court,6406
69-2714217,Robers,Waterdrinker,Blue,Male,842-900-1527,rbluent@homestead.com,89316 Grover Crossing,
48-7161168,Shani,Lebel,Withams,Female,504-851-6692,swithamsnu@umn.edu,07 Prentice Park,70116
16-7290786,Isabeau,Gaffer,Cancellario,Female,899-276-6382,icancellarionv@nih.gov,9630 Saint Paul Center,
26-0873041,Jake,Gillford,Sappy,Male,240-156-0106,jsappynw@tripadvisor.com,9173 Sheridan Circle,
36-0027908,Creighton,Wandtke,Bail,Male,392-189-9940,cbailnx@ucoz.ru,5 Annamark Place,35740-000
01-6012304,Shane,MacGahey,Bubbins,Male,219-199-7684,sbubbinsny@shutterfly.com,65 Kenwood Hill,66074
34-0800695,Krista,Duester,Chelam,Female,579-416-6819,kchelamnz@ustream.tv,895 Kingsford Alley,G0N
63-9879309,Olly,Keddy,Waterfall,Male,999-641-5930,owaterfallo0@goo.gl,50 Acker Street,
07-1159293,Freeland,todor,Bonafacino,Male,953-344-9401,fbonafacinoo1@csmonitor.com,6152 Arrowood Park,2620-188
86-4580798,Harwilll,O' Driscoll,Ransbury,Male,322-401-8314,hransburyo2@huffingtonpost.com,099 Huxley Circle,
69-5528899,Kevyn,Penburton,Sellick,Female,618-861-2381,ksellicko3@nature.com,1027 Killdeer Way,32-652
83-8624776,Micky,Edkins,Sposito,Male,883-693-8392,mspositoo4@buzzfeed.com,35 3rd Lane,
01-1188051,Elvyn,Jecks,Rowlson,Male,685-508-1381,erowlsono5@shop-pro.jp,631 Bobwhite Circle,
33-0906015,Lorenza,Izkovicz,Hindes,Female,177-152-3525,lhindeso6@irs.gov,05967 7th Pass,
43-5931579,Deidre,Ploughwright,Molan,Female,483-281-6090,dmolano7@google.es,992 Coolidge Way,4085
20-8786613,Sampson,Sharpe,Tackett,Male,608-692-8683,stacketto8@washingtonpost.com,7830 Packers Trail,53716
45-9564488,Nichole,Slaight,Vedekhin,Female,288-483-5171,nvedekhino9@skype.com,58 Del Sol Crossing,990-2412
47-3465671,Ciro,Upshall,Sirey,Male,296-714-2530,csireyoa@sciencedaily.com,92 Welch Lane,
28-4665970,Belvia,Knewstubb,Gealy,Female,492-682-0391,bgealyob@ning.com,00 Westend Circle,
87-0962555,Duffie,Coase,Alphege,Male,152-673-5335,dalphegeoc@zimbio.com,08 Mendota Point,
34-3336013,Adolpho,Musico,Gibbie,Male,928-737-5758,agibbieod@umn.edu,526 Vera Pass,
33-0578116,Florie,Bruckner,Voden,Female,155-546-7311,fvodenoe@cornell.edu,21737 Eggendart Place,416471
84-7313613,My,Ledwith,Cholmondeley,Male,670-979-3542,mcholmondeleyof@wix.com,5 Memorial Drive,
44-3671042,Carlota,Dart,Egarr,Female,153-769-3289,cegarrog@imdb.com,037 Hoard Place,18003
23-3921920,Ezri,Buffery,Lawerence,Male,178-113-3695,elawerenceoh@soup.io,5 Welch Crossing,
88-3657777,Estrella,Tift,Murfett,Female,888-885-7070,emurfettoi@weibo.com,171 Vermont Circle,
02-5648282,Daryle,Figgures,Zettler,Male,171-482-6559,dzettleroj@shinystat.com,058 Hollow Ridge Terrace,6332
40-5829779,Vlad,Turrill,Trownson,Male,430-106-6189,vtrownsonok@wikia.com,3 Old Shore Park,83120
92-9450156,Dianna,Burtwell,Voelker,Female,644-691-2593,dvoelkerol@businessweek.com,4059 Hanover Trail,85200
44-1531445,Lamont,Blandford,O'Shesnan,Male,582-898-5651,loshesnanom@yellowpages.com,297 Northview Trail,681 22
24-5366648,Clemmie,Eidler,Wrightem,Male,424-857-2363,cwrightemon@google.pl,2 Pawling Center,4133
63-7754060,Ynez,Dunkerley,Biernat,Female,856-352-9626,ybiernatoo@japanpost.jp,148 Chive Center,61042 CEDEX
85-3735783,Florry,Machin,Youster,Female,472-121-0575,fyousterop@ucsd.edu,99 Dahle Trail,8209
46-5490616,Filmore,Banaszczyk,Hindrick,Male,641-339-1430,fhindrickoq@elpais.com,67 Lukken Terrace,613 81
63-3990338,Bernardine,Dietz,Kinch,Female,962-475-5582,bkinchor@pen.io,4455 Springview Hill,35460-000
55-5697716,Colas,Needs,Arent,Male,313-914-3972,carentos@independent.co.uk,6805 Cambridge Lane,
92-3167599,Tally,Groombridge,Geck,Male,985-462-5010,tgeckot@washingtonpost.com,891 Bay Plaza,156521
92-8754257,Gerti,Ladell,Radish,Female,134-245-2716,gradishou@naver.com,053 Oriole Way,
25-0362201,Cassie,Davidovici,Skidmore,Male,936-557-2580,cskidmoreov@cmu.edu,139 Eastwood Hill,
57-0129592,Essie,Dankersley,Rouf,Female,278-265-6641,eroufow@dyndns.org,503 Onsgard Park,98-354
37-1463382,Daphna,Steckings,Jenik,Female,466-430-8272,djenikox@liveinternet.ru,405 Gulseth Hill,
68-7354957,Judy,Menhenitt,Meak,Female,513-101-0977,jmeakoy@harvard.edu,5717 Portage Pass,45228
66-4501952,Edlin,Farries,Gutman,Male,841-194-7981,egutmanoz@aol.com,966 Rockefeller Terrace,
52-0350828,Jesselyn,Thirst,Robak,Female,269-591-2891,jrobakp0@dyndns.org,80 Sugar Way,7071
85-1198366,Rab,Bonafacino,Pinnigar,Male,775-164-9567,rpinnigarp1@vinaora.com,0 Roxbury Drive,155101
74-1698118,Cher,Siburn,Vasyaev,Female,356-132-7600,cvasyaevp2@cisco.com,8 Farmco Alley,45045 CEDEX 1
69-8090387,Sara-ann,Bonafant,Richardes,Female,274-323-7767,srichardesp3@google.cn,60 Waubesa Circle,6709
01-8808477,Judi,McKeachie,Colmore,Female,825-321-6230,jcolmorep4@bing.com,6 Eastwood Drive,
71-3122730,Lonee,Mansour,O'Halligan,Female,854-893-7930,lohalliganp5@cpanel.net,88 Raven Parkway,86800-000
12-2462294,Yolane,Gosneye,Oade,Female,539-218-9222,yoadep6@dmoz.org,598 Village Green Drive,
06-5243151,Kerry,Vineall,Eixenberger,Male,361-551-5217,keixenbergerp7@so-net.ne.jp,439 Thompson Circle,
90-8439510,Minnaminnie,Roxbrough,Dulany,Female,509-299-5623,mdulanyp8@prweb.com,10258 Banding Street,3702
18-6090848,Daisy,Dowdney,Kiehl,Female,802-149-7705,dkiehlp9@google.nl,57 Myrtle Drive,
81-1921558,Hollie,Fernandez,Kobke,Female,911-770-8265,hkobkepa@smh.com.au,916 Esch Way,
16-4938254,Cheslie,Cheevers,Ayars,Female,980-302-5752,cayarspb@weather.com,3540 Stone Corner Junction,
44-5461968,Vasili,Robbey,Ewbanke,Male,121-107-2169,vewbankepc@google.de,090 Pine View Trail,963-8878
82-5745609,Mohandis,Perfitt,Pinchon,Male,312-856-8058,mpinchonpd@shareasale.com,1167 La Follette Hill,141707
80-8739910,Curr,Collete,Towndrow,Male,920-857-1741,ctowndrowpe@intel.com,604 Briar Crest Center,925-0145
66-6907761,Myrwyn,Oldfield,Simmens,Male,716-550-3279,msimmenspf@bandcamp.com,83692 Mesta Circle,
45-5784748,Ilysa,Labusch,Dacca,Female,556-290-0194,idaccapg@dropbox.com,1 Boyd Trail,87500-000
24-2355101,Nona,Perryn,Dowyer,Female,957-126-5472,ndowyerph@facebook.com,0 Everett Junction,21-210
19-0426933,Maitilde,Clavering,Birchenough,Female,659-822-5622,mbirchenoughpi@accuweather.com,9158 Farmco Circle,651 01
03-4518175,Rand,Holcroft,Tassaker,Male,303-807-2134,rtassakerpj@com.com,7 Merry Parkway,
35-0838788,Irvin,McClifferty,Hempel,Male,625-222-0220,ihempelpk@issuu.com,108 Schurz Alley,4625-604
22-0129043,Alexei,Nisuis,Samwell,Male,641-489-0803,asamwellpl@rakuten.co.jp,38 Jana Place,
95-3951007,Starla,McShirrie,Kelway,Female,117-475-4658,skelwaypm@cam.ac.uk,95878 Debra Drive,633008
91-9380410,Lennie,Theseira,Crowson,Male,331-732-8039,lcrowsonpn@printfriendly.com,98383 David Court,
41-5091224,Fayth,Karoly,Wickett,Female,189-170-0231,fwickettpo@gmpg.org,690 Donald Place,14009
95-9444217,Saxon,Graddell,Isted,Male,878-174-7188,sistedpp@dailymail.co.uk,57 Northland Point,
86-2445303,Nicky,Parkin,Kinkaid,Female,639-973-3549,nkinkaidpq@arstechnica.com,82135 Center Alley,
48-6398896,Hubert,Merrell,Wheowall,Male,766-333-4285,hwheowallpr@reference.com,7 David Alley,57130
90-5503258,Eugenius,Game,Najafian,Male,803-168-1337,enajafianps@prnewswire.com,12 Pearson Junction,61760-000
93-0447676,Amelita,Benmore,Heinz,Female,377-926-1402,aheinzpt@globo.com,761 Maple Trail,
26-6905403,Barnebas,Stockings,Ilchuk,Male,725-822-1042,bilchukpu@cmu.edu,08 Bay Lane,241521
02-2425187,Gigi,Uttermare,McGreil,Female,107-686-5486,gmcgreilpv@spiegel.de,40129 Toban Junction,23501
60-5275359,Betta,Brandoni,Andrejs,Female,192-525-4860,bandrejspw@deviantart.com,56 Manley Place,
49-2110049,Myrilla,Hatrey,Menichelli,Female,223-150-8308,mmenichellipx@wordpress.com,9459 Bellgrove Lane,
16-9691706,Phyllis,Scutcheon,Turvey,Female,259-421-0189,pturveypy@prlog.org,466 Sutteridge Circle,
83-4108447,Stacie,Skerritt,Fritschel,Female,436-241-4682,sfritschelpz@mozilla.org,41517 Artisan Crossing,
92-8709098,Valida,Marmon,Blanch,Female,662-234-9871,vblanchq0@macromedia.com,25 New Castle Crossing,94114 CEDEX
60-9136664,Jolene,Cage,Naire,Female,219-868-7390,jnaireq1@guardian.co.uk,2 Mccormick Circle,
53-4944205,Edna,Stuehmeier,Rackley,Female,336-627-7852,erackleyq2@baidu.com,78967 Golf View Drive,10606 CEDEX
18-8288654,Tobe,Perrett,Pues,Male,653-788-5975,tpuesq3@ihg.com,53 Arkansas Point,38840-000
33-5356268,Brandie,Linacre,Siret,Female,121-516-1588,bsiretq4@senate.gov,98960 Vidon Road,
54-1045618,Andreana,Marjanovic,Stobbs,Female,766-795-8317,astobbsq5@latimes.com,5765 Hollow Ridge Alley,382 82
59-7707663,Kent,Ceeley,Yearne,Male,517-140-4454,kyearneq6@wix.com,729 Cascade Terrace,
18-3652052,Julienne,Airey,Nyles,Female,208-383-0704,jnylesq7@barnesandnoble.com,995 Tennessee Parkway,38-421
90-2775904,Donielle,Piborn,Juanes,Female,853-429-9040,djuanesq8@tamu.edu,1710 Mendota Avenue,7005-764
87-5794521,Raymund,Pulster,Clayal,Male,249-234-4130,rclayalq9@photobucket.com,1 Westport Junction,
53-9224998,Anna,Dillamore,Dollar,Female,199-288-8607,adollarqa@ow.ly,78507 Barnett Alley,
99-1850747,Talbot,Lismore,Boynes,Male,263-621-0949,tboynesqb@reuters.com,7983 Commercial Pass,
44-5975180,Biron,Catherall,Coch,Male,137-105-7573,bcochqc@ft.com,1701 Bobwhite Terrace,
85-0326321,Tommy,Penwright,Rosettini,Male,450-930-0781,trosettiniqd@psu.edu,017 Service Plaza,
83-5378302,Sandye,Friedlos,Justis,Female,939-316-7772,sjustisqe@omniture.com,0892 Harbort Lane,175419
21-1190871,Florella,Mohring,Botterman,Female,267-263-8744,fbottermanqf@php.net,237 Elka Junction,19146
54-0481584,Sunshine,Bettaney,Cotesford,Female,808-323-9621,scotesfordqg@amazon.de,09 Messerschmidt Crossing,478008
47-6961358,Ira,Allward,Avrahamy,Male,671-100-9515,iavrahamyqh@cmu.edu,5694 Mccormick Avenue,
87-4205676,Haydon,Heustace,Grouse,Male,367-798-0869,hgrouseqi@smugmug.com,2 Sundown Pass,
50-5845328,Sebastiano,Wreford,Rowler,Male,379-560-2862,srowlerqj@unesco.org,37010 Helena Pass,104 62
26-2947490,Clarita,Upchurch,Worboy,Female,913-684-2170,cworboyqk@addthis.com,01 Eliot Court,10311
86-0487161,Shaine,McCullock,Gair,Male,842-284-2816,sgairql@wsj.com,8 Golf Course Point,
57-9169939,Ally,Marwick,Attwoul,Female,639-999-4144,aattwoulqm@usgs.gov,18 Straubel Circle,09-472
34-0043219,Leone,Peschet,Stebbin,Female,547-116-3987,lstebbinqn@geocities.jp,2 Ronald Regan Avenue,
28-3379082,Gusta,Faulconbridge,Easby,Female,414-261-4170,geasbyqo@dropbox.com,6215 Anzinger Pass,91029 CEDEX
27-4959760,Rawley,Sawford,Curtain,Male,300-271-0816,rcurtainqp@sun.com,5 Hayes Avenue,
22-9340738,Arleyne,Giraux,Cleaves,Female,979-820-7485,acleavesqq@hibu.com,3310 Rowland Crossing,
60-5081659,Waite,Strongitharm,Rimington,Male,603-967-8286,wrimingtonqr@ucla.edu,973 Lukken Park,
58-6421038,Becka,Bann,Priddey,Female,879-495-7747,bpriddeyqs@wikipedia.org,4303 Sunbrook Circle,1114
62-4783946,Shelbi,Tempest,Windus,Female,168-786-7155,swindusqt@ask.com,7 Northview Parkway,763 62
96-6724288,Eddie,Delgadillo,Venney,Female,201-280-8813,evenneyqu@123-reg.co.uk,6627 Upham Road,
60-7328795,Oswald,Beyer,Amerighi,Male,387-211-0765,oamerighiqv@businesswire.com,64 Trailsway Point,515-2605
86-7922845,Nicola,Chate,Denisevich,Male,763-459-6080,ndenisevichqw@twitter.com,700 Graceland Point,
76-8226945,Conant,Lambourne,Kirkpatrick,Male,691-946-0206,ckirkpatrickqx@g.co,8 Sunfield Avenue,397743
27-0572613,Phyllida,Wharby,Janjusevic,Female,743-186-9961,pjanjusevicqy@youtu.be,1 Express Terrace,431 49
45-5374904,Joshua,Crucetti,Cowlam,Male,683-397-1807,jcowlamqz@deviantart.com,094 Melby Drive,
24-8041269,Stefano,Ponder,Ollerenshaw,Male,160-990-4006,sollerenshawr0@hostgator.com,7 Norway Maple Junction,
15-1338517,Diahann,Kee,Falconar,Female,753-861-9065,dfalconarr1@archive.org,11 Colorado Hill,3525-405
89-1544750,Brittany,Tippin,Moffet,Female,101-839-0200,bmoffetr2@usda.gov,32631 Walton Crossing,46091 CEDEX 9
83-9731894,Jecho,Calbaithe,Coaster,Male,935-434-8884,jcoasterr3@cdbaby.com,6218 Burrows Court,59111
77-8181072,Loree,Fidock,Angrock,Female,648-182-7275,langrockr4@latimes.com,05 Ridgeway Crossing,09-414
45-0749008,Deeann,Cicco,Churn,Female,917-376-5980,dchurnr5@issuu.com,343 David Circle,10155
85-5585182,Zebadiah,Mauvin,Stigger,Male,454-896-9372,zstiggerr6@unesco.org,871 Hoard Trail,60618 CEDEX
50-6666996,Adan,Fetherstone,Van der Hoeven,Male,417-683-5163,avanderhoevenr7@e-recht24.de,225 Golf Course Circle,37900
56-9548824,Aymer,Casley,Habberjam,Male,684-935-3467,ahabberjamr8@example.com,57 Sundown Alley,263 25
94-2621925,Cullie,Ramsell,Allans,Male,484-238-8943,callansr9@dailymail.co.uk,479 Forest Pass,75817 CEDEX 17
25-7636541,Rubia,Tender,Calcut,Female,796-416-8034,rcalcutra@tinypic.com,8054 Havey Pass,47-430
17-7060604,Valry,I'anson,Riden,Female,441-522-8388,vridenrb@devhub.com,7 4th Court,
74-9319141,Rosalie,Bate,Seel,Female,899-821-2942,rseelrc@geocities.com,55 Schiller Pass,
29-6119160,Odelle,Aikenhead,Ketteman,Female,163-292-2678,okettemanrd@hao123.com,8554 Jackson Junction,18351
74-9487292,Denna,Draijer,Soldan,Female,554-446-8759,dsoldanre@about.com,001 Bultman Alley,989-0842
90-8286038,Farra,Daley,Shulem,Female,626-895-7450,fshulemrf@marketwatch.com,54934 Express Crossing,195047
17-1595824,Mathe,Crichley,Candlish,Male,314-247-6027,mcandlishrg@discuz.net,59 Weeping Birch Lane,63131
27-2514445,Foss,Kinnar,Vaz,Male,486-159-9242,fvazrh@digg.com,73552 Katie Way,
26-2062678,Shem,Dufer,Addey,Male,476-167-5681,saddeyri@examiner.com,50 Arkansas Road,2418
00-6680245,Georgetta,Seiller,Gluyas,Female,171-211-1677,ggluyasrj@mayoclinic.com,102 Columbus Lane,
74-3519566,Ruth,Shevell,Coneau,Female,252-221-7785,rconeaurk@shareasale.com,026 Melvin Center,21-075
96-0458241,Arielle,Scriviner,Fumagalli,Female,282-271-1193,afumagallirl@free.fr,1 Harbort Terrace,
10-0811080,Thornie,MacAnespie,Jekyll,Male,388-890-1317,tjekyllrm@eepurl.com,7475 David Alley,
30-9868629,Cammi,Mendel,Lossman,Female,279-852-2197,clossmanrn@etsy.com,658 West Court,
13-9881465,Sigismond,Desouza,Willard,Male,869-202-0403,swillardro@answers.com,7519 Macpherson Hill,34160
94-9908772,Dee,Keattch,Wallbrook,Female,206-993-2248,dwallbrookrp@etsy.com,6246 Debra Center,
41-1228619,Ashlee,Moyer,Bryceson,Female,792-148-7249,abrycesonrq@cisco.com,0742 Fremont Terrace,
09-4308718,Brendis,Houston,Barwis,Male,168-108-4816,bbarwisrr@clickbank.net,00 New Castle Pass,5849
